1c0wA01.A	1.10.10.10
1j75A00.A	1.10.10.10
1lvaA01.A	1.10.10.10
1lvaA03.A	1.10.10.10
1okrA01.A	1.10.10.10
1qbjC00.C	1.10.10.10
1s3jA02.A	1.10.10.10
1sfuA00.A	1.10.10.10
1xmkA00.A	1.10.10.10
1z05A01.A	1.10.10.10
2dk5A01.A	1.10.10.10
2dk8A01.A	1.10.10.10
2g9wA01.A	1.10.10.10
2h09A01.A	1.10.10.10
2hr3A02.A	1.10.10.10
2htjA01.A	1.10.10.10
2ia2A01.A	1.10.10.10
2jt1A00.A	1.10.10.10
2l4mA00.A	1.10.10.10
2mh2A00.A	1.10.10.10
2nr3A02.A	1.10.10.10
2o0yA01.A	1.10.10.10
2pjpA01.A	1.10.10.10
2vxzA01.A	1.10.10.10
2wteA02.A	1.10.10.10
2xrnB01.B	1.10.10.10
3cuqB03.B	1.10.10.10
3g3zA02.A	1.10.10.10
3mwmA01.A	1.10.10.10
3r4kA01.A	1.10.10.10
3v8jA01.A	1.10.10.10
4ad9A02.A	1.10.10.10
4ijaA01.A	1.10.10.10
4jqfA02.A	1.10.10.10
4kmfA00.A	1.10.10.10
4o5vA01.A	1.10.10.10
4wcgA00.A	1.10.10.10
5tjjA01.A	1.10.10.10
3l6dA02.A	1.10.1040.10
3zgyA02.A	1.10.1040.10
4d3dB02.B	1.10.1040.10
1mj3A02.A	1.10.12.10
2ppyA02.A	1.10.12.10
2vx2G02.G	1.10.12.10
3kqfA02.A	1.10.12.10
3qxzA02.A	1.10.12.10
3swxA02.A	1.10.12.10
4jfcA02.A	1.10.12.10
4k3wA02.A	1.10.12.10
4mi2A02.A	1.10.12.10
4og1A02.A	1.10.12.10
4olqA02.A	1.10.12.10
5kjpA02.A	1.10.12.10
1vkuA00.A	1.10.1200.10
2cgqA00.A	1.10.1200.10
2cq8A01.A	1.10.1200.10
2l4bA00.A	1.10.1200.10
2lkiA00.A	1.10.1200.10
2lmlA00.A	1.10.1200.10
2xz0D00.D	1.10.1200.10
3ce7A00.A	1.10.1200.10
4h2uD00.D	1.10.1200.10
4h2wC00.C	1.10.1200.10
4pxhB00.B	1.10.1200.10
5czdB00.B	1.10.1200.10
5kp7B00.B	1.10.1200.10
1b01A00.A	1.10.1220.10
1bazC00.C	1.10.1220.10
3qoqA00.A	1.10.1220.10
1wcnA01.A	1.10.150.20
1y88A02.A	1.10.150.20
2i1qA01.A	1.10.150.20
2va8A04.A	1.10.150.20
2w9mA02.A	1.10.150.20
2zj8A04.A	1.10.150.20
1a7wA00.A	1.10.20.10
1eqzF00.F	1.10.20.10
1h3oB00.B	1.10.20.10
1id3B00.B	1.10.20.10
1jfiB00.B	1.10.20.10
1tafA00.A	1.10.20.10
2bykD00.D	1.10.20.10
4csrA00.A	1.10.20.10
3k21A02.A	1.10.238.10
1oohA00.A	1.10.238.20
2erbA01.A	1.10.238.20
3r1vA00.A	1.10.238.20
3r72A00.A	1.10.238.20
3s0aA00.A	1.10.238.20
3v2lA00.A	1.10.238.20
4pt1B00.B	1.10.238.20
1c3cA01.A	1.10.275.10
1re5A01.A	1.10.275.10
3c8tA01.A	1.10.275.10
4eeiA01.A	1.10.275.10
2pq7A00.A	1.10.3210.10
2g3bA00.A	1.10.357.10
2g7sA00.A	1.10.357.10
2gfnA00.A	1.10.357.10
2np5A00.A	1.10.357.10
2nx4C00.C	1.10.357.10
3bcgA00.A	1.10.357.10
3bruA00.A	1.10.357.10
3crjA00.A	1.10.357.10
3dpjA00.A	1.10.357.10
3eupB00.B	1.10.357.10
3frqB00.B	1.10.357.10
3g7rA00.A	1.10.357.10
3jsjA00.A	1.10.357.10
3knwA00.A	1.10.357.10
3nnrA00.A	1.10.357.10
3nxcA00.A	1.10.357.10
3on2A00.A	1.10.357.10
3on4A00.A	1.10.357.10
3qbmA00.A	1.10.357.10
3vibA00.A	1.10.357.10
4ichA00.A	1.10.357.10
1aoaA01.A	1.10.418.10
1pxyB03.B	1.10.418.10
1qagA01.A	1.10.418.10
1rt8A04.A	1.10.418.10
1wjoA01.A	1.10.418.10
2vzcB00.B	1.10.418.10
2wa5A01.A	1.10.418.10
2yrnA01.A	1.10.418.10
1a00B00.B	1.10.490.10
1a6gA00.A	1.10.490.10
1ashA00.A	1.10.490.10
1b0bA00.A	1.10.490.10
1binA00.A	1.10.490.10
1cg5B00.B	1.10.490.10
1dm1A00.A	1.10.490.10
1ecaA00.A	1.10.490.10
1f5oA00.A	1.10.490.10
1gcvA00.A	1.10.490.10
1gcvB00.B	1.10.490.10
1h97A00.A	1.10.490.10
1hbgA00.A	1.10.490.10
1hlbA00.A	1.10.490.10
1ithA00.A	1.10.490.10
1jwnA00.A	1.10.490.10
1oj6A00.A	1.10.490.10
1tu9A00.A	1.10.490.10
1urvA00.A	1.10.490.10
1x3kA01.A	1.10.490.10
1x46A00.A	1.10.490.10
1x9fA00.A	1.10.490.10
1x9fC00.C	1.10.490.10
1x9fD00.D	1.10.490.10
1yhuB00.B	1.10.490.10
2bk9A00.A	1.10.490.10
2c0kB00.B	1.10.490.10
2d2mD00.D	1.10.490.10
2oifB00.B	1.10.490.10
2olpA00.A	1.10.490.10
2wy4A00.A	1.10.490.10
2zs0A00.A	1.10.490.10
3hyuA00.A	1.10.490.10
3ixfA00.A	1.10.490.10
3ubcA00.A	1.10.490.10
3wctD00.D	1.10.490.10
4b4yA00.A	1.10.490.10
1apmE01.E	1.10.510.10
1csnA02.A	1.10.510.10
1e9hA02.A	1.10.510.10
1mq4A01.A	1.10.510.10
1s9iA02.A	1.10.510.10
1t4hA02.A	1.10.510.10
1tkiA02.A	1.10.510.10
1x8bA02.A	1.10.510.10
1y8gA02.A	1.10.510.10
1yhsA02.A	1.10.510.10
1yvjA02.A	1.10.510.10
1zxeA02.A	1.10.510.10
2a19B02.B	1.10.510.10
2bujA02.A	1.10.510.10
2bvaA02.A	1.10.510.10
2clqA02.A	1.10.510.10
2h34A02.A	1.10.510.10
2i6lA02.A	1.10.510.10
2jiiA02.A	1.10.510.10
2np8A03.A	1.10.510.10
2pmlX02.X	1.10.510.10
2rioA02.A	1.10.510.10
2vwiA02.A	1.10.510.10
2vwxA02.A	1.10.510.10
2wqmA02.A	1.10.510.10
2wtkC02.C	1.10.510.10
2ydjA02.A	1.10.510.10
2zmdA02.A	1.10.510.10
2zv2A02.A	1.10.510.10
3blhA02.A	1.10.510.10
3dlsB02.B	1.10.510.10
3f61A02.A	1.10.510.10
3gniB02.B	1.10.510.10
3hkoA02.A	1.10.510.10
3idpB02.B	1.10.510.10
3is5F02.F	1.10.510.10
3kmuA02.A	1.10.510.10
3lm5A02.A	1.10.510.10
3mdyA02.A	1.10.510.10
3p1aA02.A	1.10.510.10
3p86A02.A	1.10.510.10
3qd2B02.B	1.10.510.10
3s95A02.A	1.10.510.10
3sxsA02.A	1.10.510.10
3uc4B02.B	1.10.510.10
3utoA03.A	1.10.510.10
3zduA02.A	1.10.510.10
4b6lA02.A	1.10.510.10
4bkjB02.B	1.10.510.10
4c0tA02.A	1.10.510.10
4ckiA02.A	1.10.510.10
4dc2A02.A	1.10.510.10
4f0fA02.A	1.10.510.10
4f9cA02.A	1.10.510.10
4fnxA02.A	1.10.510.10
4fr4A02.A	1.10.510.10
4fvrA02.A	1.10.510.10
4g3dB02.B	1.10.510.10
4ianA02.A	1.10.510.10
4itjB02.B	1.10.510.10
4lqqD02.D	1.10.510.10
4nfnA02.A	1.10.510.10
4otwA02.A	1.10.510.10
4ow8A02.A	1.10.510.10
4pdpB02.B	1.10.510.10
4qoxA02.A	1.10.510.10
4wnoA02.A	1.10.510.10
4y85A02.A	1.10.510.10
4yhjA03.A	1.10.510.10
4yurA02.A	1.10.510.10
5cemA02.A	1.10.510.10
5hesA02.A	1.10.510.10
5kkrB02.B	1.10.510.10
5l2qB02.B	1.10.510.10
1qsaA03.A	1.10.530.10
2y8pB00.B	1.10.530.10
4cfpA02.A	1.10.530.10
1bucA01.A	1.10.540.10
1ivhA01.A	1.10.540.10
1jqiA01.A	1.10.540.10
1r2jA01.A	1.10.540.10
1rx0C01.C	1.10.540.10
1udyA01.A	1.10.540.10
2c0uA01.A	1.10.540.10
2ix5A01.A	1.10.540.10
2jbrA01.A	1.10.540.10
2jifA01.A	1.10.540.10
2pg0A01.A	1.10.540.10
2rfqA01.A	1.10.540.10
2uxwA02.A	1.10.540.10
2z1qA01.A	1.10.540.10
3ii9B01.B	1.10.540.10
3mpiA01.A	1.10.540.10
3nf4A01.A	1.10.540.10
3p4tA01.A	1.10.540.10
3pfdA01.A	1.10.540.10
3sf6A01.A	1.10.540.10
4doyA01.A	1.10.540.10
4irnA01.A	1.10.540.10
4iv6B01.B	1.10.540.10
4x28C01.C	1.10.540.10
5iduD01.D	1.10.540.10
1a52A00.A	1.10.565.10
1e3gA00.A	1.10.565.10
1exaA00.A	1.10.565.10
1g2nA00.A	1.10.565.10
1ie9A00.A	1.10.565.10
1k74D00.D	1.10.565.10
1m7wA00.A	1.10.565.10
1n46B00.B	1.10.565.10
1n83A00.A	1.10.565.10
1oshA00.A	1.10.565.10
1ovlA00.A	1.10.565.10
1p8dB00.B	1.10.565.10
1s9qA00.A	1.10.565.10
1xlsE00.E	1.10.565.10
1ymtA00.A	1.10.565.10
2qnvA00.A	1.10.565.10
2r40D00.D	1.10.565.10
3gytA00.A	1.10.565.10
3n00A00.A	1.10.565.10
4n1yB00.B	1.10.565.10
1fpsA00.A	1.10.600.10
1v4eA00.A	1.10.600.10
1wmwB00.B	1.10.600.10
1wy0A00.A	1.10.600.10
1yhlA00.A	1.10.600.10
2azjA00.A	1.10.600.10
2ftzA00.A	1.10.600.10
2j1oA00.A	1.10.600.10
2q58B00.B	1.10.600.10
2q80A00.A	1.10.600.10
3apzA00.A	1.10.600.10
3aqbB00.B	1.10.600.10
3ipiA00.A	1.10.600.10
3lk5A00.A	1.10.600.10
3lmdA00.A	1.10.600.10
3lomA00.A	1.10.600.10
3mzvA00.A	1.10.600.10
3n3dB00.B	1.10.600.10
3nf2A00.A	1.10.600.10
3npkA00.A	1.10.600.10
3rmgA00.A	1.10.600.10
3tc1B00.B	1.10.600.10
3ucaA00.A	1.10.600.10
4dhdA00.A	1.10.600.10
4fp4A00.A	1.10.600.10
4kkmB00.B	1.10.600.10
4lfgA00.A	1.10.600.10
5eroA00.A	1.10.600.10
5hn9C00.C	1.10.600.10
1bvyB00.B	1.10.630.10
1cmjA00.A	1.10.630.10
1cptA00.A	1.10.630.10
1gwiA00.A	1.10.630.10
1io7A00.A	1.10.630.10
1lfkA00.A	1.10.630.10
1n40A00.A	1.10.630.10
1n97A00.A	1.10.630.10
1nr6A00.A	1.10.630.10
1pkfA00.A	1.10.630.10
1s1fA00.A	1.10.630.10
1tqnA00.A	1.10.630.10
2cd8B00.B	1.10.630.10
2jjnA00.A	1.10.630.10
2rfbA00.A	1.10.630.10
2uuqA00.A	1.10.630.10
2ve3B00.B	1.10.630.10
2wiyA00.A	1.10.630.10
2wm5A00.A	1.10.630.10
2wv2A00.A	1.10.630.10
2xbkA00.A	1.10.630.10
2xkrA00.A	1.10.630.10
2z3tA00.A	1.10.630.10
3abaA00.A	1.10.630.10
3abbA00.A	1.10.630.10
3awmA00.A	1.10.630.10
3bujA00.A	1.10.630.10
3czhA00.A	1.10.630.10
3dbgA00.A	1.10.630.10
3k9vA00.A	1.10.630.10
3ld6B00.B	1.10.630.10
3mdmA00.A	1.10.630.10
3mgxB00.B	1.10.630.10
3nc3B00.B	1.10.630.10
3nv6A00.A	1.10.630.10
3oftA00.A	1.10.630.10
3oo3A00.A	1.10.630.10
3p3lA00.A	1.10.630.10
3pm0A00.A	1.10.630.10
3qz1D00.D	1.10.630.10
3r9bA00.A	1.10.630.10
3rwlA00.A	1.10.630.10
3s79A00.A	1.10.630.10
3wecA00.A	1.10.630.10
4dnjA00.A	1.10.630.10
4fb2A00.A	1.10.630.10
4ggvA00.A	1.10.630.10
4k0fA01.A	1.10.630.10
4l0fA00.A	1.10.630.10
4nkwA00.A	1.10.630.10
4tpoA00.A	1.10.630.10
4wpzA00.A	1.10.630.10
4yt3A00.A	1.10.630.10
4yzrA00.A	1.10.630.10
4z5qA00.A	1.10.630.10
5hdiA00.A	1.10.630.10
5hiwA00.A	1.10.630.10
5l92A00.A	1.10.630.10
5li7A00.A	1.10.630.10
5m0nA00.A	1.10.630.10
1c6rA00.A	1.10.760.10
2ce0A00.A	1.10.760.10
3cu4A00.A	1.10.760.10
4kmgA00.A	1.10.760.10
2g3qA00.A	1.10.8.10
3e46A02.A	1.10.8.10
1axdA02.A	1.20.1050.10
1b48A02.A	1.20.1050.10
1b4pA02.A	1.20.1050.10
1dugA02.A	1.20.1050.10
1eogA02.A	1.20.1050.10
1f2eA02.A	1.20.1050.10
1hqoA02.A	1.20.1050.10
1iyhB02.B	1.20.1050.10
1n2aA02.A	1.20.1050.10
1nhyA02.A	1.20.1050.10
1pn9B02.B	1.20.1050.10
1r5aA02.A	1.20.1050.10
1tw9F02.F	1.20.1050.10
1yq1A02.A	1.20.1050.10
1yy7A02.A	1.20.1050.10
2hnlA02.A	1.20.1050.10
2pvqA02.A	1.20.1050.10
2x64A02.A	1.20.1050.10
3ay8A02.A	1.20.1050.10
3fr3B02.B	1.20.1050.10
3ibhA02.A	1.20.1050.10
3m3mA02.A	1.20.1050.10
3ppuA02.A	1.20.1050.10
3q18A02.A	1.20.1050.10
3r2qA02.A	1.20.1050.10
3uarA02.A	1.20.1050.10
4exjA02.A	1.20.1050.10
4f0cA02.A	1.20.1050.10
4gf0A02.A	1.20.1050.10
4gltA02.A	1.20.1050.10
4hojA02.A	1.20.1050.10
4hz4A02.A	1.20.1050.10
4ibpA02.A	1.20.1050.10
4ielA02.A	1.20.1050.10
4ikhA02.A	1.20.1050.10
4ivfA02.A	1.20.1050.10
4iw9A02.A	1.20.1050.10
4kh7B02.B	1.20.1050.10
4l8eA02.A	1.20.1050.10
4mdcA02.A	1.20.1050.10
4mk3A02.A	1.20.1050.10
4o92A02.A	1.20.1050.10
4q5nA02.A	1.20.1050.10
4q5qA02.A	1.20.1050.10
4q5rA02.A	1.20.1050.10
4ri6A02.A	1.20.1050.10
5a4uF02.F	1.20.1050.10
5dqsA02.A	1.20.1050.10
1gzmA00.A	1.20.1070.10
2ks9A00.A	1.20.1070.10
2r4rA00.A	1.20.1070.10
2z73B01.B	1.20.1070.10
3emlA01.A	1.20.1070.10
3oduB01.B	1.20.1070.10
3pblB01.B	1.20.1070.10
3rzeA01.A	1.20.1070.10
3uonA01.A	1.20.1070.10
3v2yA01.A	1.20.1070.10
3zevB00.B	1.20.1070.10
4djhA01.A	1.20.1070.10
4ib4A01.A	1.20.1070.10
4l6rA02.A	1.20.1070.10
4mbsA00.A	1.20.1070.10
4xt1A00.A	1.20.1070.10
5lweA00.A	1.20.1070.10
5tgzA01.A	1.20.1070.10
1j5rA02.A	1.20.1090.10
1oj7A02.A	1.20.1090.10
1rrmA02.A	1.20.1090.10
1vljA02.A	1.20.1090.10
3hl0A02.A	1.20.1090.10
3iv7A02.A	1.20.1090.10
3zdrA02.A	1.20.1090.10
4fr2A02.A	1.20.1090.10
1o3uA00.A	1.20.120.330
1wolA00.A	1.20.120.330
2hsbA00.A	1.20.120.330
2q00B00.B	1.20.120.330
3o10A00.A	1.20.120.330
4iu9A00.A	1.20.1250.20
4j05A00.A	1.20.1250.20
4ldsA00.A	1.20.1250.20
4pypA00.A	1.20.1250.20
4qiqA00.A	1.20.1250.20
1dpsA00.A	1.20.1260.10
1jgcA00.A	1.20.1260.10
1lb3A00.A	1.20.1260.10
1lkoA01.A	1.20.1260.10
1nfvA00.A	1.20.1260.10
1qghA00.A	1.20.1260.10
1s3qA00.A	1.20.1260.10
1tjoB00.B	1.20.1260.10
1yuzB01.B	1.20.1260.10
1z6oA00.A	1.20.1260.10
1z6oM00.M	1.20.1260.10
2c2jA00.A	1.20.1260.10
2c2uA00.A	1.20.1260.10
2c41C01.C	1.20.1260.10
2chpA00.A	1.20.1260.10
2clbA01.A	1.20.1260.10
2fjcB00.B	1.20.1260.10
2gs4A00.A	1.20.1260.10
2ib0A01.A	1.20.1260.10
2pybA00.A	1.20.1260.10
2qqyA00.A	1.20.1260.10
2vxxA00.A	1.20.1260.10
2vzbB00.B	1.20.1260.10
2yjkC00.C	1.20.1260.10
2yw6B00.B	1.20.1260.10
2z90A01.A	1.20.1260.10
3bvfA00.A	1.20.1260.10
3e6sA00.A	1.20.1260.10
3fseA02.A	1.20.1260.10
3hiuA00.A	1.20.1260.10
3iq1A00.A	1.20.1260.10
3kwoA00.A	1.20.1260.10
3q4oA00.A	1.20.1260.10
3r2kA00.A	1.20.1260.10
3unoE00.E	1.20.1260.10
3vnxA00.A	1.20.1260.10
4cybD00.D	1.20.1260.10
4etrB00.B	1.20.1260.10
5lbhA00.A	1.20.1260.10
1gl2A00.A	1.20.5.110
1gl2B00.B	1.20.5.110
1gl2C00.C	1.20.5.110
1gl2D00.D	1.20.5.110
1hvvB00.B	1.20.5.110
1jthA00.A	1.20.5.110
1kilD00.D	1.20.5.110
1l4aA00.A	1.20.5.110
1t3jA00.A	1.20.5.110
1urqA00.A	1.20.5.110
2npsA00.A	1.20.5.110
2npsD00.D	1.20.5.110
2xdjB00.B	1.20.5.110
3b5nA00.A	1.20.5.110
3b5nD00.D	1.20.5.110
3b5nK00.K	1.20.5.110
3htkB00.B	1.20.5.110
3m0dC00.C	1.20.5.110
3pp5A01.A	1.20.5.110
4wy4B00.B	1.20.5.110
4wy4C00.C	1.20.5.110
4wy4D00.D	1.20.5.110
1eqfA02.A	1.20.920.10
1x0jA00.A	1.20.920.10
2d9eA00.A	1.20.920.10
2datA00.A	1.20.920.10
2i7kA00.A	1.20.920.10
2r0sA01.A	1.20.920.10
2r0sA02.A	1.20.920.10
2yqdA00.A	1.20.920.10
3fkmX00.X	1.20.920.10
3hmfA00.A	1.20.920.10
3iu5A00.A	1.20.920.10
3k2jA00.A	1.20.920.10
3mqmA00.A	1.20.920.10
3nxbA00.A	1.20.920.10
3q2eA00.A	1.20.920.10
3u5nA02.A	1.20.920.10
4n4fA01.A	1.20.920.10
4n4gA01.A	1.20.920.10
4pklA00.A	1.20.920.10
4ptbB02.B	1.20.920.10
4py6C00.C	1.20.920.10
5c8gB00.B	1.20.920.10
5cq8A00.A	1.20.920.10
5ko4A00.A	1.20.920.10
1a17A00.A	1.25.40.10
1elwA00.A	1.25.40.10
1ihgA02.A	1.25.40.10
1kt0A03.A	1.25.40.10
1na0A00.A	1.25.40.10
1tjcA00.A	1.25.40.10
2avpA00.A	1.25.40.10
2c2lA01.A	1.25.40.10
2dbaA01.A	1.25.40.10
2fbnA00.A	1.25.40.10
2vgxA00.A	1.25.40.10
2vyiA00.A	1.25.40.10
2xevB00.B	1.25.40.10
3as5A01.A	1.25.40.10
3fflA00.A	1.25.40.10
3fp3A01.A	1.25.40.10
3gz1A00.A	1.25.40.10
3rkvA00.A	1.25.40.10
3ro3A00.A	1.25.40.10
3sz7A00.A	1.25.40.10
3vtxA00.A	1.25.40.10
4aifA00.A	1.25.40.10
4cgwA00.A	1.25.40.10
4gywA01.A	1.25.40.10
4j8dD00.D	1.25.40.10
4xi0F00.F	1.25.40.10
4yvoA00.A	1.25.40.10
1hu3A00.A	1.25.40.180
2vsoF01.F	1.25.40.180
3rk6A00.A	1.25.40.180
4iulB00.B	1.25.40.180
3hdxA00.A	1.25.40.390
3iv0A00.A	1.25.40.390
3jq0A00.A	1.25.40.390
3l22A00.A	1.25.40.390
3nqpA00.A	1.25.40.390
3otnA00.A	1.25.40.390
3snxA00.A	1.25.40.390
5e75A00.A	1.25.40.390
5lx8A00.A	1.25.40.390
1fp3A00.A	1.50.10.10
1nc5A00.A	1.50.10.10
2afaA00.A	1.50.10.10
2gz6A00.A	1.50.10.10
3gt5A00.A	1.50.10.10
3vw5A00.A	1.50.10.10
3wkgA00.A	1.50.10.10
1x6aA01.A	2.10.110.10
2xjyA01.A	2.10.110.10
1eqgA01.A	2.10.25.10
1extA01.A	2.10.50.10
2uwiA01.A	2.10.50.10
3me4B01.B	2.10.50.10
3mhdD01.D	2.10.50.10
3u3pA01.A	2.10.50.10
4mxwS00.S	2.10.50.10
1f94A00.A	2.10.60.10
1kbaA00.A	2.10.60.10
3hh7A00.A	2.10.60.10
4do8A00.A	2.10.60.10
1h03P02.P	2.10.70.10
1ly2A01.A	2.10.70.10
1ly2A02.A	2.10.70.10
1qubA03.A	2.10.70.10
2rlqA02.A	2.10.70.10
2wiiC02.C	2.10.70.10
3o8eB03.B	2.10.70.10
3o8eD02.D	2.10.70.10
3sw0X01.X	2.10.70.10
3t5oA03.A	2.10.70.10
5i0qB02.B	2.10.70.10
5bq8A00.A	2.10.90.10
1a0rB00.B	2.130.10.10
1erjB00.B	2.130.10.10
1gxrA00.A	2.130.10.10
1k8kC00.C	2.130.10.10
1l0qA01.A	2.130.10.10
1nexB02.B	2.130.10.10
1nr0A01.A	2.130.10.10
1nr0A02.A	2.130.10.10
1p22A02.A	2.130.10.10
1pguA01.A	2.130.10.10
1pguA02.A	2.130.10.10
1ri6A00.A	2.130.10.10
1s4uX00.X	2.130.10.10
1u4cA00.A	2.130.10.10
1vyhC01.C	2.130.10.10
2aq5A01.A	2.130.10.10
2b5nB00.B	2.130.10.10
2cn2A01.A	2.130.10.10
2cnxA00.A	2.130.10.10
2hesX00.X	2.130.10.10
2ovrB02.B	2.130.10.10
2pm6D01.D	2.130.10.10
2pm9A01.A	2.130.10.10
2qc5A00.A	2.130.10.10
2xu7A00.A	2.130.10.10
2xzmR01.R	2.130.10.10
2ymuA02.A	2.130.10.10
2ynoA01.A	2.130.10.10
3bwsA02.A	2.130.10.10
3dsmA00.A	2.130.10.10
3ei3B02.B	2.130.10.10
3eweA01.A	2.130.10.10
3fgbA00.A	2.130.10.10
3hfqA00.A	2.130.10.10
3i2nA00.A	2.130.10.10
3ijcA00.A	2.130.10.10
3jamg01.g	2.130.10.10
3jb9L00.L	2.130.10.10
3mmyA00.A	2.130.10.10
3odtA00.A	2.130.10.10
3ottA01.A	2.130.10.10
3ottB02.B	2.130.10.10
3ow8C00.C	2.130.10.10
3sfzA06.A	2.130.10.10
3u4yA00.A	2.130.10.10
3v9fA01.A	2.130.10.10
3v9fA02.A	2.130.10.10
3vgzA00.A	2.130.10.10
3w15A01.A	2.130.10.10
4a11B00.B	2.130.10.10
4a2lB01.B	2.130.10.10
4a2lF02.F	2.130.10.10
4aezA00.A	2.130.10.10
4cc9A00.A	2.130.10.10
4ci8A01.A	2.130.10.10
4ci8A02.A	2.130.10.10
4czxA00.A	2.130.10.10
4g56B00.B	2.130.10.10
4gq1A00.A	2.130.10.10
4h5iA00.A	2.130.10.10
4i79A00.A	2.130.10.10
4j0wA00.A	2.130.10.10
4j0xA00.A	2.130.10.10
4j87A00.A	2.130.10.10
4jsnC01.C	2.130.10.10
4lg8A00.A	2.130.10.10
4lg9A00.A	2.130.10.10
4nsxA01.A	2.130.10.10
4nsxA02.A	2.130.10.10
4ozuA01.A	2.130.10.10
4pswB00.B	2.130.10.10
4u1eI00.I	2.130.10.10
4u7aA00.A	2.130.10.10
4wjvD00.D	2.130.10.10
4yvdA01.A	2.130.10.10
5c2vB00.B	2.130.10.10
5cxbA02.A	2.130.10.10
5gmkn00.n	2.130.10.10
5h1mA01.A	2.130.10.10
5h1mA02.A	2.130.10.10
5hqgA00.A	2.130.10.10
5ic7A00.A	2.130.10.10
5k19A00.A	2.130.10.10
5tf2A00.A	2.130.10.10
1kgqA02.A	2.160.10.10
1xhdA00.A	2.160.10.10
3bfpA02.A	2.160.10.10
3c8vA03.A	2.160.10.10
3cj8A03.A	2.160.10.10
3d98A02.A	2.160.10.10
3f1xA02.A	2.160.10.10
3ixcA00.A	2.160.10.10
3mqgC01.C	2.160.10.10
3r0sA01.A	2.160.10.10
3r1wA00.A	2.160.10.10
3tv0A00.A	2.160.10.10
3vbiA01.A	2.160.10.10
4ea9A02.A	2.160.10.10
4m9cA02.A	2.160.10.10
5adxV00.V	2.160.10.10
3kmaA00.A	2.170.270.10
4rz0A00.A	2.170.270.10
1twfI01.I	2.20.25.10
1rfeA01.A	2.30.110.10
2arzA01.A	2.30.110.10
2asfA00.A	2.30.110.10
2fhqA00.A	2.30.110.10
2i02A00.A	2.30.110.10
2iabA01.A	2.30.110.10
2re7A00.A	2.30.110.10
3db0A00.A	2.30.110.10
3dnhA01.A	2.30.110.10
3ec6A00.A	2.30.110.10
5bncB01.B	2.30.110.10
1dynA00.A	2.30.29.30
1eazA00.A	2.30.29.30
1ef1A03.A	2.30.29.30
1faoA00.A	2.30.29.30
1fgyA00.A	2.30.29.30
1h10A00.A	2.30.29.30
1ntyA02.A	2.30.29.30
1plsA00.A	2.30.29.30
1qqgA01.A	2.30.29.30
1qqgA02.A	2.30.29.30
1u5dA00.A	2.30.29.30
1upqA00.A	2.30.29.30
1v5pA01.A	2.30.29.30
1v89A00.A	2.30.29.30
1x05A00.A	2.30.29.30
1zc3B00.B	2.30.29.30
2codA01.A	2.30.29.30
2d9vA01.A	2.30.29.30
2d9xA01.A	2.30.29.30
2dhkA01.A	2.30.29.30
2dn6A00.A	2.30.29.30
2he7A03.A	2.30.29.30
2p0hA00.A	2.30.29.30
2rovA00.A	2.30.29.30
2y7bA00.A	2.30.29.30
3a8pB01.B	2.30.29.30
3cxbB00.B	2.30.29.30
3fehA02.A	2.30.29.30
3pp2A00.A	2.30.29.30
3tfmA01.A	2.30.29.30
3tfmA02.A	2.30.29.30
4a6fB00.B	2.30.29.30
4gzuB03.B	2.30.29.30
4hhvA00.A	2.30.29.30
4iapA01.A	2.30.29.30
4nswA02.A	2.30.29.30
1jegA00.A	2.30.30.40
1ng2A01.A	2.30.30.40
1opkA01.A	2.30.30.40
1ov3A02.A	2.30.30.40
1s1nA00.A	2.30.30.40
1tg0A00.A	2.30.30.40
1wfwA00.A	2.30.30.40
1x43A01.A	2.30.30.40
1x6bA01.A	2.30.30.40
1ycsB02.B	2.30.30.40
1yn8A00.A	2.30.30.40
1zuuA00.A	2.30.30.40
1zuyA00.A	2.30.30.40
2ct4A00.A	2.30.30.40
2de0X03.X	2.30.30.40
2dmoA00.A	2.30.30.40
2e5kA01.A	2.30.30.40
2fpdA00.A	2.30.30.40
2i0nA01.A	2.30.30.40
2j05A00.A	2.30.30.40
2keaA00.A	2.30.30.40
2mioA00.A	2.30.30.40
2pqhA00.A	2.30.30.40
2rqtA00.A	2.30.30.40
2v1qA00.A	2.30.30.40
2v1rA00.A	2.30.30.40
2vvkA00.A	2.30.30.40
3a98A01.A	2.30.30.40
4cc2A00.A	2.30.30.40
4e6rA00.A	2.30.30.40
4f14A00.A	2.30.30.40
4iioA00.A	2.30.30.40
4z88A00.A	2.30.30.40
1attA01.A	2.30.39.10
1imvA01.A	2.30.39.10
1jmoA02.A	2.30.39.10
1jrrA01.A	2.30.39.10
1wz9A02.A	2.30.39.10
1yxaB02.B	2.30.39.10
2peeB02.B	2.30.39.10
2qugA02.A	2.30.39.10
2r9yA02.A	2.30.39.10
2vdxA02.A	2.30.39.10
2wxwA01.A	2.30.39.10
3f02B02.B	2.30.39.10
3f1sA02.A	2.30.39.10
3fgqA01.A	2.30.39.10
3le2A02.A	2.30.39.10
3ndaA02.A	2.30.39.10
3pzfA01.A	2.30.39.10
3stoA02.A	2.30.39.10
3zhaL02.L	2.30.39.10
4if8A02.A	2.30.39.10
4x30A02.A	2.30.39.10
4zk3A02.A	2.30.39.10
5c98B02.B	2.30.39.10
1p1mA01.A	2.30.40.10
1yrrA01.A	2.30.40.10
2ftyA01.A	2.30.40.10
2gokA01.A	2.30.40.10
2gwnA01.A	2.30.40.10
2p9bA01.A	2.30.40.10
2qs8A01.A	2.30.40.10
2vhlB01.B	2.30.40.10
3be7A01.A	2.30.40.10
3hm7B01.B	2.30.40.10
3hpaA01.A	2.30.40.10
3ls9A01.A	2.30.40.10
3mkvA01.A	2.30.40.10
3mtwA01.A	2.30.40.10
3nqbA01.A	2.30.40.10
4c65B01.B	2.30.40.10
4cqbA01.A	2.30.40.10
4f0lB01.B	2.30.40.10
4ub9A01.A	2.30.40.10
1ihjB00.B	2.30.42.10
1m5zA00.A	2.30.42.10
1mfgA00.A	2.30.42.10
1n7eA00.A	2.30.42.10
1n99A01.A	2.30.42.10
1n99A02.A	2.30.42.10
1p1eA00.A	2.30.42.10
1q3oA00.A	2.30.42.10
1rgwA00.A	2.30.42.10
1u3bA02.A	2.30.42.10
1ueqA00.A	2.30.42.10
1uhpA00.A	2.30.42.10
1wh1A01.A	2.30.42.10
1wifA01.A	2.30.42.10
2dlsA00.A	2.30.42.10
2dluA00.A	2.30.42.10
2dmzA01.A	2.30.42.10
2eaqA00.A	2.30.42.10
2edpA01.A	2.30.42.10
2edvA00.A	2.30.42.10
2egkA00.A	2.30.42.10
2f5yA00.A	2.30.42.10
2gzvA01.A	2.30.42.10
2iwoA00.A	2.30.42.10
2jilA00.A	2.30.42.10
2jxoA00.A	2.30.42.10
2kbsA00.A	2.30.42.10
2kqfA00.A	2.30.42.10
2kv8A00.A	2.30.42.10
2qt5A01.A	2.30.42.10
2r4hC01.C	2.30.42.10
2vphA01.A	2.30.42.10
2vspA00.A	2.30.42.10
3b76A00.A	2.30.42.10
3ggeA00.A	2.30.42.10
3o46A00.A	2.30.42.10
3qikA01.A	2.30.42.10
3shuB00.B	2.30.42.10
3vqfA00.A	2.30.42.10
4xhvA00.A	2.30.42.10
4z8jA00.A	2.30.42.10
5f67B00.B	2.30.42.10
1r2jA02.A	2.40.110.10
1w07A02.A	2.40.110.10
2c0uA02.A	2.40.110.10
2d29A02.A	2.40.110.10
2ix5A02.A	2.40.110.10
2jbrA02.A	2.40.110.10
2or0A02.A	2.40.110.10
2uxwA03.A	2.40.110.10
2wbiB02.B	2.40.110.10
3mxlA02.A	2.40.110.10
3nf4A02.A	2.40.110.10
3swoA02.A	2.40.110.10
3x0xA02.A	2.40.110.10
4irnA02.A	2.40.110.10
4iv6A02.A	2.40.110.10
4rm7A02.A	2.40.110.10
4x28A02.A	2.40.110.10
4x28C02.C	2.40.110.10
4xvxB02.B	2.40.110.10
3cqnB00.B	2.40.128.20
1a8pA01.A	2.40.30.10
1cqxA02.A	2.40.30.10
1ep3B01.B	2.40.30.10
1krhA02.A	2.40.30.10
2gpjA01.A	2.40.30.10
2ok7A01.A	2.40.30.10
2piaA01.A	2.40.30.10
2xnjA01.A	2.40.30.10
4wqmA02.A	2.40.30.10
5tr9A01.A	2.40.30.10
1d7kB01.B	2.40.37.10
2j66A01.A	2.40.37.10
2nvaA01.A	2.40.37.10
5gjnA01.A	2.40.37.10
1bdoA00.A	2.40.50.100
1ghjA00.A	2.40.50.100
1gjxA00.A	2.40.50.100
1vf7A02.A	2.40.50.100
1z6hA00.A	2.40.50.100
2dn8A01.A	2.40.50.100
2ejmA01.A	2.40.50.100
3fmcA02.A	2.40.50.100
3fppA02.A	2.40.50.100
3lnnA03.A	2.40.50.100
3n6rA04.A	2.40.50.100
3ne5B03.B	2.40.50.100
3va7A07.A	2.40.50.100
4kksA03.A	2.40.50.100
4rcnA02.A	2.40.50.100
4tkoB02.B	2.40.50.100
1an8A02.A	2.40.50.110
1eu3A02.A	2.40.50.110
1ty0A02.A	2.40.50.110
2j4xA02.A	2.40.50.110
5c9bA00.A	2.40.70.10
1o4tA00.A	2.60.120.10
1v70A00.A	2.60.120.10
1vj2A00.A	2.60.120.10
2pfwA00.A	2.60.120.10
2q1zB02.B	2.60.120.10
3h7jA01.A	2.60.120.10
3h8uA00.A	2.60.120.10
3ht1A00.A	2.60.120.10
4e2gA00.A	2.60.120.10
4h7lA00.A	2.60.120.10
4i4aA00.A	2.60.120.10
4rd7A00.A	2.60.120.10
5by5A00.A	2.60.120.10
5fq0A00.A	2.60.120.10
5j7mA00.A	2.60.120.10
1gbgA00.A	2.60.120.200
1umzA00.A	2.60.120.200
2hykA00.A	2.60.120.200
2uwaA00.A	2.60.120.200
5dzeA00.A	2.60.120.200
1a8mA00.A	2.60.120.40
1alyA00.A	2.60.120.40
1dg6A00.A	2.60.120.40
1iqaA00.A	2.60.120.40
1kxgA00.A	2.60.120.40
1rj8A00.A	2.60.120.40
1tnrA00.A	2.60.120.40
2re9A01.A	2.60.120.40
2wnvD00.D	2.60.120.40
4d7yA00.A	2.60.120.40
4ht1T00.T	2.60.120.40
4kg8A00.A	2.60.120.40
4msvA01.A	2.60.120.40
4mxwD00.D	2.60.120.40
4oumA00.A	2.60.120.40
5kc5A00.A	2.60.120.40
1a45A01.A	2.60.20.10
1a7hA00.A	2.60.20.10
1npsA00.A	2.60.20.10
1okiA01.A	2.60.20.10
2bv2A00.A	2.60.20.10
2dadA00.A	2.60.20.10
3hz2A00.A	2.60.20.10
3hzbC00.C	2.60.20.10
3lwkA02.A	2.60.20.10
3snyA00.A	2.60.20.10
4fd9A00.A	2.60.20.10
4iauA01.A	2.60.20.10
4iauA02.A	2.60.20.10
4psrA03.A	2.60.20.10
1r21A00.A	2.60.200.20
1uhtA00.A	2.60.200.20
1wlnA00.A	2.60.200.20
2ff4A03.A	2.60.200.20
2g1lA00.A	2.60.200.20
2lc1A00.A	2.60.200.20
2w3oB00.B	2.60.200.20
3fm8A00.A	2.60.200.20
3gqsB00.B	2.60.200.20
3hueA01.A	2.60.200.20
3hx1A00.A	2.60.200.20
3un0A00.A	2.60.200.20
3uv0B00.B	2.60.200.20
4h87A00.A	2.60.200.20
4jonC00.C	2.60.200.20
5a8iA00.A	2.60.200.20
5e50A01.A	2.60.200.20
1ea9C04.C	2.60.40.1180
1j0hA04.A	2.60.40.1180
1ji1A03.A	2.60.40.1180
1wzlA04.A	2.60.40.1180
2wc7A02.A	2.60.40.1180
2z1kA02.A	2.60.40.1180
3ucqA04.A	2.60.40.1180
4e2oA02.A	2.60.40.1180
1cjyA01.A	2.60.40.150
1djxA03.A	2.60.40.150
1gmiA00.A	2.60.40.150
1wfjA01.A	2.60.40.150
2dmhA00.A	2.60.40.150
2ep6A01.A	2.60.40.150
2jqzA00.A	2.60.40.150
2nq3A00.A	2.60.40.150
2zkmX04.X	2.60.40.150
3jzyA00.A	2.60.40.150
3kwuA00.A	2.60.40.150
3l9bA00.A	2.60.40.150
3nsjA02.A	2.60.40.150
3w57A00.A	2.60.40.150
4npjB01.B	2.60.40.150
4npjB02.B	2.60.40.150
1bq5A02.A	2.60.40.420
1kbvA02.A	2.60.40.420
1sddB02.B	2.60.40.420
2uxtA03.A	2.60.40.420
2xu9A03.A	2.60.40.420
3g5wA02.A	2.60.40.420
3gdcA02.A	2.60.40.420
4knuA02.A	2.60.40.420
1edhA01.A	2.60.40.60
1l3wA02.A	2.60.40.60
1l3wA04.A	2.60.40.60
2a4eA02.A	2.60.40.60
2wbxA00.A	2.60.40.60
2ystA01.A	2.60.40.60
3k5rA02.A	2.60.40.60
3mvsA02.A	2.60.40.60
3q2wA04.A	2.60.40.60
3ubfA02.A	2.60.40.60
3ubfA03.A	2.60.40.60
3ubhA04.A	2.60.40.60
4apxB02.B	2.60.40.60
4zi8A02.A	2.60.40.60
5co1B02.B	2.60.40.60
5czrA02.A	2.60.40.60
5dzvB05.B	2.60.40.60
5kj4A01.A	2.60.40.60
5kj4C02.C	2.60.40.60
1f49A05.A	2.70.98.10
1yq2A05.A	2.70.98.10
3bgaA05.A	2.70.98.10
3obaA05.A	2.70.98.10
1axmA00.A	2.80.10.50
1ce7B01.B	2.80.10.50
1dqgA00.A	2.80.10.50
1ggpB02.B	2.80.10.50
1hwmB02.B	2.80.10.50
1jlxA01.A	2.80.10.50
1jlxA02.A	2.80.10.50
1knmA00.A	2.80.10.50
1m2tB02.B	2.80.10.50
1n4kA01.A	2.80.10.50
1nunA00.A	2.80.10.50
1q1uA00.A	2.80.10.50
1qxmA02.A	2.80.10.50
1sr4A00.A	2.80.10.50
1upsA02.A	2.80.10.50
1vclA01.A	2.80.10.50
1vclA02.A	2.80.10.50
1xhbA03.A	2.80.10.50
1ybiA01.A	2.80.10.50
1ybiA02.A	2.80.10.50
2dryA00.A	2.80.10.50
2e4mC00.C	2.80.10.50
2fdbN00.N	2.80.10.50
2ffuA02.A	2.80.10.50
2vseA02.A	2.80.10.50
2vseA03.A	2.80.10.50
2vseA04.A	2.80.10.50
2vseA05.A	2.80.10.50
2x2sC00.C	2.80.10.50
2y9fA00.A	2.80.10.50
2y9wC00.C	2.80.10.50
3a07B00.B	2.80.10.50
3akhA02.A	2.80.10.50
3llpA03.A	2.80.10.50
3llpB01.B	2.80.10.50
3llpB02.B	2.80.10.50
3llpB04.B	2.80.10.50
3nbcA00.A	2.80.10.50
3o44A03.A	2.80.10.50
3p6jA00.A	2.80.10.50
3phzA01.A	2.80.10.50
3pubA02.A	2.80.10.50
3vsfA02.A	2.80.10.50
3vwcA00.A	2.80.10.50
3wa1A01.A	2.80.10.50
3wmvB00.B	2.80.10.50
4a7kA03.A	2.80.10.50
4g9mB00.B	2.80.10.50
4hr6C01.C	2.80.10.50
4izxA00.A	2.80.10.50
4jp0A01.A	2.80.10.50
4owkE00.E	2.80.10.50
4usoA00.A	2.80.10.50
5d61A01.A	2.80.10.50
1afb100.1	3.10.100.10
1b08C00.C	3.10.100.10
1byfA00.A	3.10.100.10
1dv8A00.A	3.10.100.10
1gz2A00.A	3.10.100.10
1h8uB00.B	3.10.100.10
1ja3A00.A	3.10.100.10
1jznA00.A	3.10.100.10
1kcgB00.B	3.10.100.10
1litA00.A	3.10.100.10
1tdqB00.B	3.10.100.10
1wk1A01.A	3.10.100.10
1wmzA00.A	3.10.100.10
1ypoA00.A	3.10.100.10
2c6uA00.A	3.10.100.10
2h2tB01.B	3.10.100.10
2ls8A00.A	3.10.100.10
2ox8A00.A	3.10.100.10
2vuvA00.A	3.10.100.10
2yhfA00.A	3.10.100.10
3aluA00.A	3.10.100.10
3bdwA00.A	3.10.100.10
3bdwB00.B	3.10.100.10
3c22C00.C	3.10.100.10
3ff7C00.C	3.10.100.10
3hupA00.A	3.10.100.10
3rs1A00.A	3.10.100.10
3vppB00.B	3.10.100.10
3zhgA00.A	3.10.100.10
4iopB00.B	3.10.100.10
4uwwA00.A	3.10.100.10
4yliE00.E	3.10.100.10
1jetA03.A	3.10.105.10
1uiuA02.A	3.10.105.10
1uqwA03.A	3.10.105.10
1vr5A03.A	3.10.105.10
1xocA03.A	3.10.105.10
1zu0A03.A	3.10.105.10
2d5wA03.A	3.10.105.10
2grvC03.C	3.10.105.10
2o7iA03.A	3.10.105.10
2wolA02.A	3.10.105.10
3drfA02.A	3.10.105.10
3lvuA00.A	3.10.105.10
3pamA00.A	3.10.105.10
3rqtA02.A	3.10.105.10
3ry3A02.A	3.10.105.10
3t66A02.A	3.10.105.10
3tpaA03.A	3.10.105.10
3zs6A03.A	3.10.105.10
4fajA03.A	3.10.105.10
4gl8A03.A	3.10.105.10
4oevA03.A	3.10.105.10
4qflA03.A	3.10.105.10
4wedA02.A	3.10.105.10
4ze8A03.A	3.10.105.10
5isuA03.A	3.10.105.10
5kztA03.A	3.10.105.10
1j7dA00.A	3.10.110.10
1kpsC00.C	3.10.110.10
1wzvA00.A	3.10.110.10
1yf9A00.A	3.10.110.10
1yh2A00.A	3.10.110.10
1yrvA00.A	3.10.110.10
1zdnA00.A	3.10.110.10
2bepA00.A	3.10.110.10
2ediA01.A	3.10.110.10
2f4wB00.B	3.10.110.10
2h2yA01.A	3.10.110.10
2uczA00.A	3.10.110.10
2y9mA00.A	3.10.110.10
3o2uA01.A	3.10.110.10
3we5A00.A	3.10.110.10
4ds2B00.B	3.10.110.10
4r62A00.A	3.10.110.10
1c8uA02.A	3.10.129.10
1ixlA00.A	3.10.129.10
1o0iA00.A	3.10.129.10
1psuA00.A	3.10.129.10
1q4tA00.A	3.10.129.10
1sh8B00.B	3.10.129.10
1t82A00.A	3.10.129.10
1yocA00.A	3.10.129.10
1zkiA00.A	3.10.129.10
2cy9A00.A	3.10.129.10
2dslA00.A	3.10.129.10
2f3xA00.A	3.10.129.10
2hboA01.A	3.10.129.10
2pimA00.A	3.10.129.10
2prxA00.A	3.10.129.10
2qwzA01.A	3.10.129.10
3b7kC02.C	3.10.129.10
3bnvA00.A	3.10.129.10
3d6xA00.A	3.10.129.10
3dkzA00.A	3.10.129.10
3e1eC00.C	3.10.129.10
3e29A00.A	3.10.129.10
3e8pA00.A	3.10.129.10
3f1tA00.A	3.10.129.10
3gekA00.A	3.10.129.10
3lbeB00.B	3.10.129.10
3lw3B00.B	3.10.129.10
3nwzA00.A	3.10.129.10
3s4kA00.A	3.10.129.10
4k02A00.A	3.10.129.10
4m20A00.A	3.10.129.10
5buyB00.B	3.10.129.10
1cjxA01.A	3.10.180.10
1sp8C01.C	3.10.180.10
1sqiA01.A	3.10.180.10
2qh0A00.A	3.10.180.10
2r5vB01.B	3.10.180.10
3oa4A01.A	3.10.180.10
3rmuA00.A	3.10.180.10
1e5wA01.A	3.10.20.90
1euvB00.B	3.10.20.90
1gg3A02.A	3.10.20.90
1m94A00.A	3.10.20.90
1v6eA01.A	3.10.20.90
1wh3A01.A	3.10.20.90
1wiaA01.A	3.10.20.90
1wx9A00.A	3.10.20.90
1wy8A00.A	3.10.20.90
1z2mA02.A	3.10.20.90
1zkhA00.A	3.10.20.90
2bwfA00.A	3.10.20.90
2dafA01.A	3.10.20.90
2dziA00.A	3.10.20.90
2fnjB00.B	3.10.20.90
2gbmA00.A	3.10.20.90
2jxxA00.A	3.10.20.90
2kanA01.A	3.10.20.90
2kd0A01.A	3.10.20.90
2kk8A01.A	3.10.20.90
2l7rA00.A	3.10.20.90
2mlbA00.A	3.10.20.90
2mqjA00.A	3.10.20.90
2wyqA00.A	3.10.20.90
2zeqA00.A	3.10.20.90
3goeA00.A	3.10.20.90
3ivfA01.A	3.10.20.90
3jyuA02.A	3.10.20.90
3m62B00.B	3.10.20.90
3rt3B01.B	3.10.20.90
4b6wA00.A	3.10.20.90
4dbgA00.A	3.10.20.90
4hwiB01.B	3.10.20.90
4melA02.A	3.10.20.90
1p8kZ01.Z	3.10.28.10
3e54A00.A	3.10.28.10
3qqyA01.A	3.10.28.10
4efjA01.A	3.10.28.10
4lq0A01.A	3.10.28.10
4lq0A02.A	3.10.28.10
4yisB02.B	3.10.28.10
4z1xA02.A	3.10.28.10
1w61A02.A	3.10.310.10
2azpA02.A	3.10.310.10
4q2hA02.A	3.10.310.10
1ar0A00.A	3.10.450.50
1buqA00.A	3.10.450.50
1c7hA00.A	3.10.450.50
1jkgA00.A	3.10.450.50
1m98A02.A	3.10.450.50
1s5aA00.A	3.10.450.50
1tuhA00.A	3.10.450.50
2a15A00.A	3.10.450.50
2bngA00.A	3.10.450.50
2imjA01.A	3.10.450.50
2k54A00.A	3.10.450.50
3a76A01.A	3.10.450.50
3b8lA01.A	3.10.450.50
3d9rA00.A	3.10.450.50
3dmcA00.A	3.10.450.50
3ebtA00.A	3.10.450.50
3ehcA00.A	3.10.450.50
3en8A01.A	3.10.450.50
3er7A00.A	3.10.450.50
3f40A00.A	3.10.450.50
3f7xA00.A	3.10.450.50
3ff2A00.A	3.10.450.50
3h3hA00.A	3.10.450.50
3hx8A00.A	3.10.450.50
3kkgA00.A	3.10.450.50
3q90B00.B	3.10.450.50
3rgaA01.A	3.10.450.50
3rgaA02.A	3.10.450.50
3robA00.A	3.10.450.50
4h3uA00.A	3.10.450.50
4j8tA00.A	3.10.450.50
4lmiA00.A	3.10.450.50
4mjdA00.A	3.10.450.50
4u13A00.A	3.10.450.50
5aigA00.A	3.10.450.50
5cxoB00.B	3.10.450.50
5evhA00.A	3.10.450.50
5tgnA00.A	3.10.450.50
1fd9A01.A	3.10.50.40
1kt0A02.A	3.10.50.40
2f4eB00.B	3.10.50.40
3b7xA00.A	3.10.50.40
3jxvA01.A	3.10.50.40
3jxvA02.A	3.10.50.40
4bf8A00.A	3.10.50.40
4dipH00.H	3.10.50.40
4dt4A01.A	3.10.50.40
5b8iC00.C	3.10.50.40
5hw7B00.B	3.10.50.40
1o50A00.A	3.10.580.10
1pbjA00.A	3.10.580.10
1xkfB00.B	3.10.580.10
1yavB00.B	3.10.580.10
2nycA00.A	3.10.580.10
2o16B00.B	3.10.580.10
2ouxA02.A	3.10.580.10
2rc3C00.C	3.10.580.10
2rihA00.A	3.10.580.10
2uv4A00.A	3.10.580.10
2yziA00.A	3.10.580.10
2yzqA01.A	3.10.580.10
2yzqA02.A	3.10.580.10
3ddjA01.A	3.10.580.10
3ddjA02.A	3.10.580.10
3fhmA00.A	3.10.580.10
3fnaA00.A	3.10.580.10
3fv6A00.A	3.10.580.10
3gbyA00.A	3.10.580.10
3kh5A01.A	3.10.580.10
3kh5A02.A	3.10.580.10
3kpbA00.A	3.10.580.10
3kxrA02.A	3.10.580.10
3l2bA01.A	3.10.580.10
3pc3A03.A	3.10.580.10
3sl7A00.A	3.10.580.10
4dqwA02.A	3.10.580.10
5iipA00.A	3.10.580.10
1bqgA02.A	3.20.20.120
1dtnA02.A	3.20.20.120
1jpdX02.X	3.20.20.120
1rvkA02.A	3.20.20.120
1tkkA02.A	3.20.20.120
1tzzA02.A	3.20.20.120
1wueA02.A	3.20.20.120
1yeyA02.A	3.20.20.120
2chrA02.A	3.20.20.120
2gdqA02.A	3.20.20.120
2gl5A02.A	3.20.20.120
2hzgA02.A	3.20.20.120
2i5qA02.A	3.20.20.120
2nqlA02.A	3.20.20.120
2og9A02.A	3.20.20.120
2oktA02.A	3.20.20.120
2opjA02.A	3.20.20.120
2oqhA02.A	3.20.20.120
2ovlA02.A	3.20.20.120
2oz8A02.A	3.20.20.120
2oztA02.A	3.20.20.120
2p8bA02.A	3.20.20.120
2pgeA02.A	3.20.20.120
2pgwA02.A	3.20.20.120
2pmqA02.A	3.20.20.120
2podA02.A	3.20.20.120
2pozA02.A	3.20.20.120
2ps2A02.A	3.20.20.120
2qddA02.A	3.20.20.120
2qdeA02.A	3.20.20.120
2qgyA02.A	3.20.20.120
2qjjD02.D	3.20.20.120
2qq6A02.A	3.20.20.120
2rdxA02.A	3.20.20.120
2zadA02.A	3.20.20.120
3bjsA02.A	3.20.20.120
3cawA02.A	3.20.20.120
3cyjA02.A	3.20.20.120
3ddmA02.A	3.20.20.120
3dg3A02.A	3.20.20.120
3dipB02.B	3.20.20.120
3gd6A02.A	3.20.20.120
3go2A02.A	3.20.20.120
3gy1B02.B	3.20.20.120
3i4kA02.A	3.20.20.120
3i6eA02.A	3.20.20.120
3ijlA02.A	3.20.20.120
3ik4A02.A	3.20.20.120
3mkcA02.A	3.20.20.120
3msyA02.A	3.20.20.120
3mwcA02.A	3.20.20.120
3n4eA02.A	3.20.20.120
3n4fA02.A	3.20.20.120
3op2A02.A	3.20.20.120
3px5A02.A	3.20.20.120
3qldA02.A	3.20.20.120
3rcyA02.A	3.20.20.120
3ro6A02.A	3.20.20.120
3rr1B02.B	3.20.20.120
3sjnA02.A	3.20.20.120
3sqsA02.A	3.20.20.120
3t8qA02.A	3.20.20.120
3ugvA02.A	3.20.20.120
3vc5A02.A	3.20.20.120
4hpnA02.A	3.20.20.120
4jhmA02.A	3.20.20.120
4jn7A02.A	3.20.20.120
4m0xA02.A	3.20.20.120
1x52A01.A	3.30.1330.30
2qi2A03.A	3.30.1330.30
3agkA03.A	3.30.1330.30
3obwA03.A	3.30.1330.30
3obyA03.A	3.30.1330.30
3wxmB03.B	3.30.1330.30
1a9xA03.A	3.30.1490.20
2dwcB02.B	3.30.1490.20
2pvpA03.A	3.30.1490.20
3i12A03.A	3.30.1490.20
3lp8A02.A	3.30.1490.20
3orqA03.A	3.30.1490.20
3r23A03.A	3.30.1490.20
3vpbA02.A	3.30.1490.20
5d8dD03.D	3.30.1490.20
5i47A02.A	3.30.1490.20
5k2mA02.A	3.30.1490.20
1h6hA00.A	3.30.1520.10
1ocsA00.A	3.30.1520.10
1xteA00.A	3.30.1520.10
2ar5A00.A	3.30.1520.10
2v14A00.A	3.30.1520.10
2wweA01.A	3.30.1520.10
3fogA00.A	3.30.1520.10
3iq2A00.A	3.30.1520.10
3p0cA00.A	3.30.1520.10
4bgjA00.A	3.30.1520.10
4hasA00.A	3.30.1520.10
4ikbA00.A	3.30.1520.10
4oxwA00.A	3.30.1520.10
4p2iA00.A	3.30.1520.10
1x5wA02.A	3.30.160.60
3uk3D02.D	3.30.160.60
1fotA02.A	3.30.200.20
1ir3A01.A	3.30.200.20
1lufA01.A	3.30.200.20
1na7A01.A	3.30.200.20
1o6yA01.A	3.30.200.20
1phkA01.A	3.30.200.20
1u59A01.A	3.30.200.20
1u5qA01.A	3.30.200.20
1x8bA01.A	3.30.200.20
1yvjA01.A	3.30.200.20
1zxeA01.A	3.30.200.20
1zysA01.A	3.30.200.20
2acxA02.A	3.30.200.20
2bujB01.B	3.30.200.20
2clqA01.A	3.30.200.20
2dwbA01.A	3.30.200.20
2h34A01.A	3.30.200.20
2hw6A01.A	3.30.200.20
2i6lA01.A	3.30.200.20
2rkuA01.A	3.30.200.20
2wtkC01.C	3.30.200.20
2x4fB01.B	3.30.200.20
2x7fC01.C	3.30.200.20
2xzsA01.A	3.30.200.20
2y94A01.A	3.30.200.20
3a7fA01.A	3.30.200.20
3c0iA01.A	3.30.200.20
3d7tA01.A	3.30.200.20
3f3zA01.A	3.30.200.20
3g2fA01.A	3.30.200.20
3gniB01.B	3.30.200.20
3i6uA02.A	3.30.200.20
3k54A01.A	3.30.200.20
3kulA01.A	3.30.200.20
3s95A01.A	3.30.200.20
3uqcB01.B	3.30.200.20
4c0tA01.A	3.30.200.20
4eqmA01.A	3.30.200.20
4equB01.B	3.30.200.20
4euuA01.A	3.30.200.20
4fvqA01.A	3.30.200.20
4gt4B01.B	3.30.200.20
4js8A01.A	3.30.200.20
4ks7A01.A	3.30.200.20
4o38A01.A	3.30.200.20
4wovA01.A	3.30.200.20
5acbD01.D	3.30.200.20
5d7vA01.A	3.30.200.20
5d9hA01.A	3.30.200.20
5e8vA01.A	3.30.200.20
5ig1A01.A	3.30.200.20
1kkhA01.A	3.30.230.10
4hacA01.A	3.30.230.10
4uskA01.A	3.30.230.10
1e3hA01.A	3.30.230.70
1e3hA03.A	3.30.230.70
1oypA01.A	3.30.230.70
2ba1D01.D	3.30.230.70
2je6A01.A	3.30.230.70
2nn6B01.B	3.30.230.70
2nn6C00.C	3.30.230.70
2nn6D00.D	3.30.230.70
2nn6E00.E	3.30.230.70
2nn6F00.F	3.30.230.70
2wp8B00.B	3.30.230.70
3hkmB00.B	3.30.230.70
3krnA00.A	3.30.230.70
3u1kC01.C	3.30.230.70
4ifdF00.F	3.30.230.70
5jeaD00.D	3.30.230.70
1gptA00.A	3.30.30.10
1n4nA00.A	3.30.30.10
1amuA04.A	3.30.300.30
1ba3A04.A	3.30.300.30
1nnnA02.A	3.30.300.30
1t5hX04.X	3.30.300.30
2vsqA06.A	3.30.300.30
3e7wA02.A	3.30.300.30
3etcB02.B	3.30.300.30
3vnrA02.A	3.30.300.30
4fuqA02.A	3.30.300.30
4gs5A02.A	3.30.300.30
4ir7A02.A	3.30.300.30
4iz6A02.A	3.30.300.30
4r0mA02.A	3.30.300.30
5e7qA02.A	3.30.300.30
2glxA02.A	3.30.360.10
2p2sA02.A	3.30.360.10
3ip3A02.A	3.30.360.10
2ckjB00.B	3.30.365.10
1bqgA01.A	3.30.390.10
1f9cA01.A	3.30.390.10
1r0mA01.A	3.30.390.10
1sjdB01.B	3.30.390.10
1tkkA01.A	3.30.390.10
1wueB01.B	3.30.390.10
2chrA01.A	3.30.390.10
2gl5A01.A	3.30.390.10
2og9A01.A	3.30.390.10
2oktA01.A	3.30.390.10
2oqhA01.A	3.30.390.10
2ovlA01.A	3.30.390.10
2pgwA01.A	3.30.390.10
2pmqA01.A	3.30.390.10
2qddA01.A	3.30.390.10
2qdeA01.A	3.30.390.10
2qgyB01.B	3.30.390.10
2qq6A01.A	3.30.390.10
2zadA01.A	3.30.390.10
3bjsA01.A	3.30.390.10
3cyjA01.A	3.30.390.10
3ddmA01.A	3.30.390.10
3dg6A01.A	3.30.390.10
3gd6A01.A	3.30.390.10
3go2A01.A	3.30.390.10
3i6eA01.A	3.30.390.10
3ijlA01.A	3.30.390.10
3ik4B01.B	3.30.390.10
3jvaA01.A	3.30.390.10
3msyA01.A	3.30.390.10
3mwcA01.A	3.30.390.10
3n4eA01.A	3.30.390.10
3op2A01.A	3.30.390.10
3px5A01.A	3.30.390.10
3q45A01.A	3.30.390.10
3qldA01.A	3.30.390.10
3rcyB01.B	3.30.390.10
3ro6C01.C	3.30.390.10
3rr1A01.A	3.30.390.10
3t8qB01.B	3.30.390.10
3tj4A01.A	3.30.390.10
3toyA01.A	3.30.390.10
3ugvA01.A	3.30.390.10
4dxkA01.A	3.30.390.10
4hnlA01.A	3.30.390.10
1dxlA03.A	3.30.390.30
1lvlA03.A	3.30.390.30
1nhpA03.A	3.30.390.30
1ojtA03.A	3.30.390.30
1onfA03.A	3.30.390.30
1xdiA03.A	3.30.390.30
1yqzA03.A	3.30.390.30
2a8xA03.A	3.30.390.30
2cduA03.A	3.30.390.30
2tprA03.A	3.30.390.30
3cgbA03.A	3.30.390.30
3dghA03.A	3.30.390.30
3ic9A04.A	3.30.390.30
3l8kA03.A	3.30.390.30
3oc4A03.A	3.30.390.30
4dnaA03.A	3.30.390.30
4fx9A03.A	3.30.390.30
4j57A03.A	3.30.390.30
4k7zA03.A	3.30.390.30
2bayE00.E	3.30.40.10
2xriA01.A	3.30.420.10
4qozB02.B	3.30.420.10
5dk5A01.A	3.30.420.10
1wvfA01.A	3.30.43.10
3pm9A01.A	3.30.43.10
1bywA00.A	3.30.450.20
1p97A00.A	3.30.450.20
2b02A01.A	3.30.450.20
2gj3A00.A	3.30.450.20
2kdkA01.A	3.30.450.20
2vlgC00.C	3.30.450.20
2z6cA00.A	3.30.450.20
3eehA00.A	3.30.450.20
3ewkA01.A	3.30.450.20
3h9wA00.A	3.30.450.20
3lyxB00.B	3.30.450.20
4f3lA03.A	3.30.450.20
4hh2C04.C	3.30.450.20
4hoiB00.B	3.30.450.20
5iu1B00.B	3.30.450.20
1e0yA02.A	3.30.465.10
1w1oA02.A	3.30.465.10
2yvsA01.A	3.30.465.10
3pm9A02.A	3.30.465.10
4bbyA03.A	3.30.465.10
1a9xA02.A	3.30.470.20
1a9xA06.A	3.30.470.20
2cfmA02.A	3.30.470.30
2hivA02.A	3.30.470.30
1as4A02.A	3.30.497.10
1attB02.B	3.30.497.10
1c8oA01.A	3.30.497.10
1i99I01.I	3.30.497.10
1imvA02.A	3.30.497.10
1jmoA01.A	3.30.497.10
1jrrA02.A	3.30.497.10
1mtpA01.A	3.30.497.10
1ovaA02.A	3.30.497.10
1wz9A01.A	3.30.497.10
2h4pA01.A	3.30.497.10
2oayA01.A	3.30.497.10
2peeA01.A	3.30.497.10
2r9yA01.A	3.30.497.10
3f1sA01.A	3.30.497.10
3le2A01.A	3.30.497.10
3ndaA01.A	3.30.497.10
3ozqA02.A	3.30.497.10
3pzfA02.A	3.30.497.10
3stoA01.A	3.30.497.10
4au2D01.D	3.30.497.10
4if8B01.B	3.30.497.10
4p0fA01.A	3.30.497.10
5c98A01.A	3.30.497.10
5inwA01.A	3.30.497.10
1a1aB00.B	3.30.505.10
1d4tA00.A	3.30.505.10
1ghuA00.A	3.30.505.10
1h9oA00.A	3.30.505.10
1i3zA00.A	3.30.505.10
1jwoA00.A	3.30.505.10
1luiA00.A	3.30.505.10
1m61A01.A	3.30.505.10
1milA00.A	3.30.505.10
1nrvA00.A	3.30.505.10
1wquA00.A	3.30.505.10
1x6cA00.A	3.30.505.10
2c9wA01.A	3.30.505.10
2ci9B00.B	3.30.505.10
2crhA01.A	3.30.505.10
2cs0A01.A	3.30.505.10
2ecdA00.A	3.30.505.10
2eo6A01.A	3.30.505.10
2eobA01.A	3.30.505.10
2gsbA01.A	3.30.505.10
2knoA01.A	3.30.505.10
2oq1A03.A	3.30.505.10
2shpA01.A	3.30.505.10
2vifA01.A	3.30.505.10
1x53A01.A	3.30.530.20
1xfsA00.A	3.30.530.20
1xuvA00.A	3.30.530.20
1z94A00.A	3.30.530.20
2il5A00.A	3.30.530.20
2l9pA00.A	3.30.530.20
2ldkA00.A	3.30.530.20
2m89A00.A	3.30.530.20
2ns9A01.A	3.30.530.20
2pcsA00.A	3.30.530.20
3eliA00.A	3.30.530.20
3ni8A00.A	3.30.530.20
3otlA00.A	3.30.530.20
3pu2A00.A	3.30.530.20
3q63A00.A	3.30.530.20
3rd6A00.A	3.30.530.20
4xrtA01.A	3.30.530.20
1g0hA01.A	3.30.540.10
1jp4A01.A	3.30.540.10
1lbvA01.A	3.30.540.10
2bjiA01.A	3.30.540.10
2p3nA01.A	3.30.540.10
2q74A01.A	3.30.540.10
2qflA01.A	3.30.540.10
3b8bA01.A	3.30.540.10
3qmfA01.A	3.30.540.10
4n81A01.A	3.30.540.10
4o7iA01.A	3.30.540.10
4qxdA01.A	3.30.540.10
2xhgA01.A	3.30.559.10
5t3eB01.B	3.30.559.10
1b3qB02.B	3.30.565.10
1gkxA01.A	3.30.565.10
1id0A00.A	3.30.565.10
1r62A00.A	3.30.565.10
1y8oA02.A	3.30.565.10
1ysrA00.A	3.30.565.10
2c2aA02.A	3.30.565.10
3a0rA03.A	3.30.565.10
3d36B01.B	3.30.565.10
3sl2A00.A	3.30.565.10
4bivB02.B	3.30.565.10
4gczA04.A	3.30.565.10
4kp4A02.A	3.30.565.10
4pl9A00.A	3.30.565.10
4q20A02.A	3.30.565.10
4r3aA02.A	3.30.565.10
5idmA00.A	3.30.565.10
1jnrB01.B	3.30.70.20
1a9nD00.D	3.30.70.330
1h2vZ00.Z	3.30.70.330
1l3kA01.A	3.30.70.330
1no8A00.A	3.30.70.330
1oo0B00.B	3.30.70.330
1wexA01.A	3.30.70.330
1wf1A01.A	3.30.70.330
1wg1A01.A	3.30.70.330
1wg4A01.A	3.30.70.330
1whwA01.A	3.30.70.330
1whyA01.A	3.30.70.330
1wi8A01.A	3.30.70.330
1wwhA01.A	3.30.70.330
1x4eA00.A	3.30.70.330
1x4hA00.A	3.30.70.330
1x5oA01.A	3.30.70.330
2aymA00.A	3.30.70.330
2cjkA02.A	3.30.70.330
2cpdA01.A	3.30.70.330
2cpeA01.A	3.30.70.330
2cpfA00.A	3.30.70.330
2cphA01.A	3.30.70.330
2cpiA01.A	3.30.70.330
2cpxA01.A	3.30.70.330
2cpyA01.A	3.30.70.330
2cpzA01.A	3.30.70.330
2cq0A00.A	3.30.70.330
2cqiA00.A	3.30.70.330
2cqpA00.A	3.30.70.330
2dgsA01.A	3.30.70.330
2dgtA01.A	3.30.70.330
2dgwA01.A	3.30.70.330
2dgxA01.A	3.30.70.330
2dhgA01.A	3.30.70.330
2dnhA00.A	3.30.70.330
2dnmA00.A	3.30.70.330
2dnnA01.A	3.30.70.330
2dnzA01.A	3.30.70.330
2do0A01.A	3.30.70.330
2e44A01.A	3.30.70.330
2e5gA01.A	3.30.70.330
2f9jA01.A	3.30.70.330
2ghpA01.A	3.30.70.330
2ghpA02.A	3.30.70.330
2ghpA03.A	3.30.70.330
2j8aA01.A	3.30.70.330
2kxfA02.A	3.30.70.330
2mgzA00.A	3.30.70.330
2mzqA00.A	3.30.70.330
2pehA01.A	3.30.70.330
2rvjA01.A	3.30.70.330
3bs9A00.A	3.30.70.330
3d2wA00.A	3.30.70.330
3hi9D00.D	3.30.70.330
3ns6A00.A	3.30.70.330
3s8sA00.A	3.30.70.330
3sdeA02.A	3.30.70.330
4a8xA00.A	3.30.70.330
4c7qA00.A	3.30.70.330
4iufA00.A	3.30.70.330
4p6qA01.A	3.30.70.330
4p6qA02.A	3.30.70.330
4pkdB02.B	3.30.70.330
4qu6A01.A	3.30.70.330
4qu7A00.A	3.30.70.330
5d77A00.A	3.30.70.330
5gmka00.a	3.30.70.330
5lslA00.A	3.30.70.330
1cs3A00.A	3.30.710.10
1r29A00.A	3.30.710.10
2ihcD01.D	3.30.710.10
2ppiA01.A	3.30.710.10
2vkpA00.A	3.30.710.10
2vpkA00.A	3.30.710.10
3ga1A00.A	3.30.710.10
3i3nA01.A	3.30.710.10
3m4tA00.A	3.30.710.10
3m5bA00.A	3.30.710.10
4cxiA00.A	3.30.710.10
4hxiA01.A	3.30.710.10
1bccA01.A	3.30.830.10
1bccB01.B	3.30.830.10
1hr6A01.A	3.30.830.10
3amjB01.B	3.30.830.10
3cx5A01.A	3.30.830.10
3cx5B01.B	3.30.830.10
3d3yA01.A	3.30.830.10
3eoqA01.A	3.30.830.10
3gwbA01.A	3.30.830.10
3hdiA01.A	3.30.830.10
4nnzA01.A	3.30.830.10
4xeaA01.A	3.30.830.10
5eufA01.A	3.30.830.10
1ng4A02.A	3.30.9.10
1pj5A02.A	3.30.9.10
1x31B02.B	3.30.9.10
1y56B02.B	3.30.9.10
2qcuA02.A	3.30.9.10
3dmeA02.A	3.30.9.10
3ps9A03.A	3.30.9.10
4h1bA02.A	3.30.9.10
4paaA02.A	3.30.9.10
4x9mA02.A	3.30.9.10
4yshA02.A	3.30.9.10
1h4vB01.B	3.30.930.10
1kmmD01.D	3.30.930.10
1nyrA03.A	3.30.930.10
1z7mC00.C	3.30.930.10
3hriB01.B	3.30.930.10
3od1A01.A	3.30.930.10
3racA00.A	3.30.930.10
3uh0A01.A	3.30.930.10
4g84A01.A	3.30.930.10
1bkjA00.A	3.40.109.10
1noxA00.A	3.40.109.10
1yw3A00.A	3.40.109.10
1ywqA00.A	3.40.109.10
2b67A00.A	3.40.109.10
2freA00.A	3.40.109.10
2i7hA00.A	3.40.109.10
2iskA01.A	3.40.109.10
2r01A01.A	3.40.109.10
3bemA00.A	3.40.109.10
3bm1A00.A	3.40.109.10
3e10A00.A	3.40.109.10
3e39A00.A	3.40.109.10
3ek3A01.A	3.40.109.10
3g14A00.A	3.40.109.10
3gagA00.A	3.40.109.10
3gb5A00.A	3.40.109.10
3gbhA00.A	3.40.109.10
3ge5A00.A	3.40.109.10
3gfaA00.A	3.40.109.10
3h4oA00.A	3.40.109.10
3of4A00.A	3.40.109.10
3pxvA00.A	3.40.109.10
3qdlA00.A	3.40.109.10
4dn2A00.A	3.40.109.10
4eo3A02.A	3.40.109.10
4xomB00.B	3.40.109.10
5j6cA00.A	3.40.109.10
1dgmA01.A	3.40.1190.20
1j5vA00.A	3.40.1190.20
1rkdA00.A	3.40.1190.20
1tyyA00.A	3.40.1190.20
1v1aA00.A	3.40.1190.20
1vm7B00.B	3.40.1190.20
2abqA00.A	3.40.1190.20
2awdA00.A	3.40.1190.20
2c4eA00.A	3.40.1190.20
2dcnA00.A	3.40.1190.20
2hlzA00.A	3.40.1190.20
2nwhA00.A	3.40.1190.20
2qcvA01.A	3.40.1190.20
2qhpA00.A	3.40.1190.20
2rbcA00.A	3.40.1190.20
3b1nA00.A	3.40.1190.20
3ewmA00.A	3.40.1190.20
3go6A00.A	3.40.1190.20
3h49A00.A	3.40.1190.20
3hicA00.A	3.40.1190.20
3i3yA00.A	3.40.1190.20
3iq0A00.A	3.40.1190.20
3kd6A00.A	3.40.1190.20
3ktnA00.A	3.40.1190.20
3kzhA00.A	3.40.1190.20
3lhxA00.A	3.40.1190.20
3ljsA00.A	3.40.1190.20
3looB01.B	3.40.1190.20
3otxB01.B	3.40.1190.20
3pl2A01.A	3.40.1190.20
3uboA00.A	3.40.1190.20
3umoA00.A	3.40.1190.20
3vasA01.A	3.40.1190.20
4du5A00.A	3.40.1190.20
4e69A00.A	3.40.1190.20
4e84A00.A	3.40.1190.20
4gm6A00.A	3.40.1190.20
4o1gA00.A	3.40.1190.20
4wjmA00.A	3.40.1190.20
5c40B00.B	3.40.1190.20
1c47A01.A	3.40.120.10
1k35A01.A	3.40.120.10
1tuoA01.A	3.40.120.10
2f7lA01.A	3.40.120.10
2fuvA01.A	3.40.120.10
3i3wA01.A	3.40.120.10
4hjhA01.A	3.40.120.10
1gefB00.B	3.40.1350.10
1ob8A00.A	3.40.1350.10
1z3aA00.A	3.40.140.10
2b3zD01.D	3.40.140.10
2nx8A00.A	3.40.140.10
3dh1B00.B	3.40.140.10
2hpgA00.A	3.40.190.170
2pfyA00.A	3.40.190.170
2vpnA00.A	3.40.190.170
2xa5A00.A	3.40.190.170
2zzvA00.A	3.40.190.170
3u65A00.A	3.40.190.170
4mcoA00.A	3.40.190.170
4mncA00.A	3.40.190.170
4n17A00.A	3.40.190.170
4n4uB00.B	3.40.190.170
4n5wA00.A	3.40.190.170
4n6dA00.A	3.40.190.170
4n6kA00.A	3.40.190.170
4n8gA00.A	3.40.190.170
4n91A00.A	3.40.190.170
4nf0A00.A	3.40.190.170
4ng7A00.A	3.40.190.170
4nhbA00.A	3.40.190.170
4nn3A00.A	3.40.190.170
4nq8A00.A	3.40.190.170
4nx1A00.A	3.40.190.170
4o8mD00.D	3.40.190.170
4oanA00.A	3.40.190.170
4ovqA00.A	3.40.190.170
4ovsA00.A	3.40.190.170
4p1eA00.A	3.40.190.170
4p47A00.A	3.40.190.170
4p56A00.A	3.40.190.170
4p8bA00.A	3.40.190.170
4pafA00.A	3.40.190.170
4pbqA00.A	3.40.190.170
4pc9A00.A	3.40.190.170
4pf6A00.A	3.40.190.170
4pfiA00.A	3.40.190.170
4pfrA00.A	3.40.190.170
4xeqA00.A	3.40.190.170
5i5pA00.A	3.40.190.170
1ahqA00.A	3.40.20.10
1hqz800.8	3.40.20.10
1m4jA00.A	3.40.20.10
1t2lA00.A	3.40.20.10
1v6fA00.A	3.40.20.10
1x67A01.A	3.40.20.10
2d8bA01.A	3.40.20.10
2kvkA00.A	3.40.20.10
2lxxA00.A	3.40.20.10
2mv2A00.A	3.40.20.10
2xf1A00.A	3.40.20.10
2xfaA00.A	3.40.20.10
4lizA00.A	3.40.20.10
1gytL01.L	3.40.220.10
1hjzA00.A	3.40.220.10
1yd9B00.B	3.40.220.10
2acfD00.D	3.40.220.10
2dx6A00.A	3.40.220.10
3ejfA00.A	3.40.220.10
3ejgA00.A	3.40.220.10
3gpgA00.A	3.40.220.10
3h8gA01.A	3.40.220.10
3q71A00.A	3.40.220.10
3v2bA00.A	3.40.220.10
4d86A01.A	3.40.220.10
4iqyB00.B	3.40.220.10
4j5rA00.A	3.40.220.10
4umlA00.A	3.40.220.10
5ailB00.B	3.40.220.10
5fszA00.A	3.40.220.10
1gh2A00.A	3.40.30.10
1nw2A00.A	3.40.30.10
1r26A00.A	3.40.30.10
1syrA00.A	3.40.30.10
1thxA00.A	3.40.30.10
1w4vA00.A	3.40.30.10
2f51A00.A	3.40.30.10
2l6cA00.A	3.40.30.10
2oe3A00.A	3.40.30.10
2pu9C00.C	3.40.30.10
3apoA05.A	3.40.30.10
3apoA07.A	3.40.30.10
3gnjA00.A	3.40.30.10
3p2aA02.A	3.40.30.10
3qdnA01.A	3.40.30.10
3tcoA00.A	3.40.30.10
3vfiA00.A	3.40.30.10
4cw9B00.B	3.40.30.10
4o32C00.C	3.40.30.10
5j7dC00.C	3.40.30.10
1chmA01.A	3.40.350.10
1pv9B01.B	3.40.350.10
1wn1A01.A	3.40.350.10
2zsgA01.A	3.40.350.10
3ctzA01.A	3.40.350.10
3i7mA00.A	3.40.350.10
3il0A00.A	3.40.350.10
3oooA00.A	3.40.350.10
3q6dA01.A	3.40.350.10
3qocA00.A	3.40.350.10
4r60A01.A	3.40.350.10
5cdlA01.A	3.40.350.10
5cnxA01.A	3.40.350.10
1c7kA00.A	3.40.390.10
2f9aA01.A	3.40.47.10
4efiA00.A	3.40.47.10
4wzuA00.A	3.40.47.10
5hwoA00.A	3.40.47.10
1judA01.A	3.40.50.1000
1l8lA01.A	3.40.50.1000
1pw5A01.A	3.40.50.1000
1qyiA01.A	3.40.50.1000
1rqlA01.A	3.40.50.1000
1te2A01.A	3.40.50.1000
1wdhA01.A	3.40.50.1000
1wviA01.A	3.40.50.1000
1x42A01.A	3.40.50.1000
2ah5A01.A	3.40.50.1000
2b0cA01.A	3.40.50.1000
2c4nA01.A	3.40.50.1000
2cfrA01.A	3.40.50.1000
2fdrA01.A	3.40.50.1000
2fi1A01.A	3.40.50.1000
2g80A01.A	3.40.50.1000
2gfhA01.A	3.40.50.1000
2go7A01.A	3.40.50.1000
2hcfA01.A	3.40.50.1000
2hdoA01.A	3.40.50.1000
2hi0A01.A	3.40.50.1000
2ho4A01.A	3.40.50.1000
2hoqA01.A	3.40.50.1000
2hszA01.A	3.40.50.1000
2no4B01.B	3.40.50.1000
2nyvA01.A	3.40.50.1000
2om6A01.A	3.40.50.1000
2pibA01.A	3.40.50.1000
2pkeA01.A	3.40.50.1000
2qltA01.A	3.40.50.1000
2ravA01.A	3.40.50.1000
2w43A01.A	3.40.50.1000
2x4dA01.A	3.40.50.1000
2ybdA01.A	3.40.50.1000
2ymmB01.B	3.40.50.1000
3cnhA01.A	3.40.50.1000
3d6jA01.A	3.40.50.1000
3dv9A01.A	3.40.50.1000
3e58A01.A	3.40.50.1000
3ed5A01.A	3.40.50.1000
3ib6C00.C	3.40.50.1000
3iruA01.A	3.40.50.1000
3k1zA01.A	3.40.50.1000
3kzxA01.A	3.40.50.1000
3l5kA01.A	3.40.50.1000
3l8hA00.A	3.40.50.1000
3mc1A01.A	3.40.50.1000
3qgmA01.A	3.40.50.1000
3qnmA01.A	3.40.50.1000
3s6jA01.A	3.40.50.1000
3smvA01.A	3.40.50.1000
3umcA01.A	3.40.50.1000
3vayA01.A	3.40.50.1000
4eekA01.A	3.40.50.1000
4ex6A01.A	3.40.50.1000
4g9bA01.A	3.40.50.1000
4i9fB01.B	3.40.50.1000
4uavA01.A	3.40.50.1000
1a5aB02.B	3.40.50.1100
1p5jA01.A	3.40.50.1100
1tdjA01.A	3.40.50.1100
1v71A01.A	3.40.50.1100
1vb3A02.A	3.40.50.1100
1y7lA01.A	3.40.50.1100
2bhsB01.B	3.40.50.1100
2d1fA01.A	3.40.50.1100
2gn0B01.B	3.40.50.1100
3hmkA01.A	3.40.50.1100
3x44A01.A	3.40.50.1100
4cooB01.B	3.40.50.1100
4d9gA01.A	3.40.50.1100
5b1hA01.A	3.40.50.1100
5d84A01.A	3.40.50.1100
5i7wB01.B	3.40.50.1100
1ultB01.B	3.40.50.12780
2v7bA01.A	3.40.50.12780
3b7wA01.A	3.40.50.12780
3e53A00.A	3.40.50.12780
3e7wA01.A	3.40.50.12780
3etcA01.A	3.40.50.12780
3g7sA01.A	3.40.50.12780
3gqwA01.A	3.40.50.12780
3iplB01.B	3.40.50.12780
3iteA00.A	3.40.50.12780
3ivrB00.B	3.40.50.12780
3ni2A01.A	3.40.50.12780
3nyqA01.A	3.40.50.12780
3o83A00.A	3.40.50.12780
3qyaA00.A	3.40.50.12780
3r44A01.A	3.40.50.12780
3vnrA01.A	3.40.50.12780
3wv4A00.A	3.40.50.12780
4d4iA01.A	3.40.50.12780
4dg8A01.A	3.40.50.12780
4fuqA01.A	3.40.50.12780
4gr4A02.A	3.40.50.12780
4ir7A01.A	3.40.50.12780
4lgcA00.A	3.40.50.12780
4oxiA01.A	3.40.50.12780
4r0mA01.A	3.40.50.12780
4w8oB00.B	3.40.50.12780
4wv3A01.A	3.40.50.12780
5buqB01.B	3.40.50.12780
5d6nA00.A	3.40.50.12780
5e7qA01.A	3.40.50.12780
1ah2A00.A	3.40.50.200
1p8jA01.A	3.40.50.200
1r6vA03.A	3.40.50.200
1wmdA01.A	3.40.50.200
1y9zB01.B	3.40.50.200
2ixtA00.A	3.40.50.200
2iy9A00.A	3.40.50.200
2oxaA01.A	3.40.50.200
2qtwB01.B	3.40.50.200
3afgA02.A	3.40.50.200
3f7oA00.A	3.40.50.200
3lpaA00.A	3.40.50.200
3qfhC02.C	3.40.50.200
3vv3A00.A	3.40.50.200
3zxxA00.A	3.40.50.200
4aktB00.B	3.40.50.200
4hvlA00.A	3.40.50.200
4i0wB01.B	3.40.50.200
4lvnA00.A	3.40.50.200
4yn3A01.A	3.40.50.200
4zoqM00.M	3.40.50.200
1a3cA00.A	3.40.50.2020
1a97B00.B	3.40.50.2020
1vdmG00.G	3.40.50.2020
5bqpD00.D	3.40.50.2020
1a9xB02.B	3.40.50.880
1gpmA01.A	3.40.50.880
1gpwD00.D	3.40.50.880
1i1qB00.B	3.40.50.880
1ka9H00.H	3.40.50.880
1o1yA00.A	3.40.50.880
1qdlB00.B	3.40.50.880
1wl8A00.A	3.40.50.880
2vpiA00.A	3.40.50.880
3d54D00.D	3.40.50.880
3fijA00.A	3.40.50.880
3r74B02.B	3.40.50.880
3uowB01.B	3.40.50.880
4gudA00.A	3.40.50.880
1ad3A01.A	3.40.605.10
1bi9A01.A	3.40.605.10
1euhA01.A	3.40.605.10
1ez0B01.B	3.40.605.10
1t90A01.A	3.40.605.10
1uxtA01.A	3.40.605.10
1uzbA01.A	3.40.605.10
2hg2A01.A	3.40.605.10
2j6lA01.A	3.40.605.10
2y51A01.A	3.40.605.10
3b4wA01.A	3.40.605.10
3efvA01.A	3.40.605.10
3i44A01.A	3.40.605.10
3ifgA01.A	3.40.605.10
3iwkC01.C	3.40.605.10
3ju8A01.A	3.40.605.10
3k9dA01.A	3.40.605.10
3lnsA01.A	3.40.605.10
3pqaB01.B	3.40.605.10
3r31A01.A	3.40.605.10
3r64A01.A	3.40.605.10
3rh9A01.A	3.40.605.10
3u4jA01.A	3.40.605.10
3v9hD01.D	3.40.605.10
4c3sA01.A	3.40.605.10
4dalA01.A	3.40.605.10
4h7nA01.A	3.40.605.10
4i3vA01.A	3.40.605.10
4jz6A01.A	3.40.605.10
4ogdA01.A	3.40.605.10
5ekcF01.F	3.40.605.10
5j6bA01.A	3.40.605.10
5klkB01.B	3.40.605.10
1cg2A01.A	3.40.630.10
1fnoA01.A	3.40.630.10
1lfwA01.A	3.40.630.10
1rtqA00.A	3.40.630.10
1tkjA00.A	3.40.630.10
1vgyA01.A	3.40.630.10
1vheA01.A	3.40.630.10
1vhoA01.A	3.40.630.10
1xmbA01.A	3.40.630.10
1yloA01.A	3.40.630.10
2cf4A01.A	3.40.630.10
2f7vA01.A	3.40.630.10
2greA01.A	3.40.630.10
2pe3D01.D	3.40.630.10
2pokA01.A	3.40.630.10
2qyvA01.A	3.40.630.10
2rb7A01.A	3.40.630.10
2zogA01.A	3.40.630.10
3ct9A01.A	3.40.630.10
3gb0A01.A	3.40.630.10
3guxA00.A	3.40.630.10
3kl9A01.A	3.40.630.10
3pfeA01.A	3.40.630.10
3pfoA01.A	3.40.630.10
3tx8A01.A	3.40.630.10
3x3eA01.A	3.40.630.10
4ewtA01.A	3.40.630.10
4mmoA01.A	3.40.630.10
5ib9A01.A	3.40.630.10
5k8mA01.A	3.40.630.10
1cjwA00.A	3.40.630.30
1cm0A00.A	3.40.630.30
1gheA00.A	3.40.630.30
1mk4A00.A	3.40.630.30
1n71B00.B	3.40.630.30
1tiqA00.A	3.40.630.30
1vhsA00.A	3.40.630.30
1wk4A00.A	3.40.630.30
1wwzA00.A	3.40.630.30
1yreC00.C	3.40.630.30
1z4eA00.A	3.40.630.30
2bswA00.A	3.40.630.30
2cntA00.A	3.40.630.30
2fiaB00.B	3.40.630.30
2fiwA00.A	3.40.630.30
2ge3A00.A	3.40.630.30
2i6cA00.A	3.40.630.30
2i79D00.D	3.40.630.30
2jlmA00.A	3.40.630.30
2ob0A00.A	3.40.630.30
2pdoA01.A	3.40.630.30
2q7bA00.A	3.40.630.30
2r7hA00.A	3.40.630.30
2reeA00.A	3.40.630.30
2vi7A00.A	3.40.630.30
2x7bA00.A	3.40.630.30
3blnA00.A	3.40.630.30
3d2mA02.A	3.40.630.30
3d3sA00.A	3.40.630.30
3d8pA00.A	3.40.630.30
3dddA01.A	3.40.630.30
3efaA00.A	3.40.630.30
3exnA00.A	3.40.630.30
3f0aA00.A	3.40.630.30
3fncA00.A	3.40.630.30
3g8wA00.A	3.40.630.30
3ld2A00.A	3.40.630.30
3lodA00.A	3.40.630.30
3owcA00.A	3.40.630.30
3r1kA01.A	3.40.630.30
4h89A00.A	3.40.630.30
4kvmE00.E	3.40.630.30
4my0A01.A	3.40.630.30
4pv6A00.A	3.40.630.30
4xnhC00.C	3.40.630.30
5hh1A00.A	3.40.630.30
1aamA02.A	3.40.640.10
1ax4A02.A	3.40.640.10
1bs0A02.A	3.40.640.10
1bw0A02.A	3.40.640.10
1c0nA02.A	3.40.640.10
1c7nA02.A	3.40.640.10
1d2fA02.A	3.40.640.10
1ecxA02.A	3.40.640.10
1eluA02.A	3.40.640.10
1fc4A01.A	3.40.640.10
1fg3A01.A	3.40.640.10
1h1cA02.A	3.40.640.10
1iayA02.A	3.40.640.10
1j32A02.A	3.40.640.10
1jg8A01.A	3.40.640.10
1lc5A02.A	3.40.640.10
1o69A01.A	3.40.640.10
1svvA01.A	3.40.640.10
1u08A02.A	3.40.640.10
1v2dA02.A	3.40.640.10
1v72A02.A	3.40.640.10
1vefA02.A	3.40.640.10
1vp4A02.A	3.40.640.10
1wyuB03.B	3.40.640.10
1yaaA02.A	3.40.640.10
1yjsA02.A	3.40.640.10
2aeuA02.A	3.40.640.10
2bwnA02.A	3.40.640.10
2c81A01.A	3.40.640.10
2douA02.A	3.40.640.10
2e7jA02.A	3.40.640.10
2fnuA01.A	3.40.640.10
2gb3A02.A	3.40.640.10
2jg2A02.A	3.40.640.10
2o1bA02.A	3.40.640.10
2ogeA01.A	3.40.640.10
2qlrA02.A	3.40.640.10
2x5dD02.D	3.40.640.10
2ykyA02.A	3.40.640.10
2z20A02.A	3.40.640.10
2z61A02.A	3.40.640.10
2zc0A02.A	3.40.640.10
2zg5A02.A	3.40.640.10
2zjgA02.A	3.40.640.10
3b1dA02.A	3.40.640.10
3b46A02.A	3.40.640.10
3bc8A02.A	3.40.640.10
3caiA02.A	3.40.640.10
3cq4A02.A	3.40.640.10
3dxvA02.A	3.40.640.10
3dydA02.A	3.40.640.10
3dzzA02.A	3.40.640.10
3eleA02.A	3.40.640.10
3eucA02.A	3.40.640.10
3ezsA02.A	3.40.640.10
3f9tA02.A	3.40.640.10
3fdbA02.A	3.40.640.10
3ffhA02.A	3.40.640.10
3fkdA02.A	3.40.640.10
3ftbA02.A	3.40.640.10
3g7qA02.A	3.40.640.10
3getA01.A	3.40.640.10
3hdoA02.A	3.40.640.10
3ihjA03.A	3.40.640.10
3k7yA02.A	3.40.640.10
3kkiA02.A	3.40.640.10
3lwsA01.A	3.40.640.10
3ly1A02.A	3.40.640.10
3mc6A03.A	3.40.640.10
3mebA02.A	3.40.640.10
3nraA02.A	3.40.640.10
3op7A02.A	3.40.640.10
3p1tA02.A	3.40.640.10
3rq1A02.A	3.40.640.10
3t18A02.A	3.40.640.10
4bhdA01.A	3.40.640.10
4cvqA02.A	3.40.640.10
4h51A02.A	3.40.640.10
4iw7A02.A	3.40.640.10
4ixoA02.A	3.40.640.10
4lc3A01.A	3.40.640.10
4m2mA02.A	3.40.640.10
4my5A02.A	3.40.640.10
4r5zA02.A	3.40.640.10
4rkcA02.A	3.40.640.10
4tn4A02.A	3.40.640.10
4w8iA02.A	3.40.640.10
4wbtA02.A	3.40.640.10
4zahA01.A	3.40.640.10
5dj1A02.A	3.40.640.10
5k8bA01.A	3.40.640.10
1e3uD00.D	3.40.710.10
1k38A00.A	3.40.710.10
1m6kA00.A	3.40.710.10
1nrfA00.A	3.40.710.10
1xa7A00.A	3.40.710.10
3un7B02.B	3.40.710.10
4gn2A00.A	3.40.710.10
4iedA00.A	3.40.710.10
4jf5A00.A	3.40.710.10
4u3tB00.B	3.40.710.10
5e2fA00.A	3.40.710.10
2gsoA01.A	3.40.720.10
4lr2A01.A	3.40.720.10
5eghB01.B	3.40.720.10
1akoA00.A	3.60.10.10
1bixA00.A	3.60.10.10
1vybA00.A	3.60.10.10
1wduB00.B	3.60.10.10
2ei9A00.A	3.60.10.10
2j63A00.A	3.60.10.10
2jc4A00.A	3.60.10.10
2jc5A00.A	3.60.10.10
4jg3A00.A	3.60.10.10
5ewtA00.A	3.60.10.10
1dxkA00.A	3.60.15.10
1xm8A00.A	3.60.15.10
2gcuA01.A	3.60.15.10
2p97A00.A	3.60.15.10
2qdsA00.A	3.60.15.10
2xf4A00.A	3.60.15.10
2zo4A01.A	3.60.15.10
2zwrB00.B	3.60.15.10
1e94A00.A	3.60.20.10
1g0uE00.E	3.60.20.10
1iruI00.I	3.60.20.10
1iruJ00.J	3.60.20.10
1j2qH00.H	3.60.20.10
1q5qA00.A	3.60.20.10
1q5qH00.H	3.60.20.10
1ryp100.1	3.60.20.10
1ryp200.2	3.60.20.10
1rypA00.A	3.60.20.10
1rypD00.D	3.60.20.10
1rypG00.G	3.60.20.10
1rypH00.H	3.60.20.10
1rypK00.K	3.60.20.10
1rypL00.L	3.60.20.10
1ya7A00.A	3.60.20.10
2z5cC00.C	3.60.20.10
3unbB00.B	3.60.20.10
5fmgA00.A	3.60.20.10
5fmgB00.B	3.60.20.10
5fmgF00.F	3.60.20.10
5fmgG00.G	3.60.20.10
5fmgH00.H	3.60.20.10
5fmgK00.K	3.60.20.10
5fmgM00.M	3.60.20.10
5fmgN00.N	3.60.20.10
1oznA00.A	3.80.10.10
1xkuA00.A	3.80.10.10
2id5D01.D	3.80.10.10
2z66A00.A	3.80.10.10
2z80B00.B	3.80.10.10
3zyiA01.A	3.80.10.10
4u7lA01.A	3.80.10.10
4v2dA00.A	3.80.10.10
5lfnD00.D	3.80.10.10
1b8pA02.A	3.90.110.10
1civA02.A	3.90.110.10
1ez4A02.A	3.90.110.10
1hyeA02.A	3.90.110.10
1hyhC02.C	3.90.110.10
1ib6A02.A	3.90.110.10
1lldA02.A	3.90.110.10
1o6zA01.A	3.90.110.10
1pzgC02.C	3.90.110.10
1v6aA02.A	3.90.110.10
1y6jA02.A	3.90.110.10
2d4aA02.A	3.90.110.10
2v6bC02.C	3.90.110.10
2x0jA02.A	3.90.110.10
3fi9A02.A	3.90.110.10
4uulA02.A	3.90.110.10
1d2fA01.A	3.90.1150.10
1fg3A02.A	3.90.1150.10
1lc5A01.A	3.90.1150.10
1xi9B01.B	3.90.1150.10
2yrrA01.A	3.90.1150.10
3dydA01.A	3.90.1150.10
3fkdA01.A	3.90.1150.10
3ftbA01.A	3.90.1150.10
3getA02.A	3.90.1150.10
3hdoA01.A	3.90.1150.10
3ly1A01.A	3.90.1150.10
3p1tA01.A	3.90.1150.10
4r5zA01.A	3.90.1150.10
5dj1A01.A	3.90.1150.10
3dxqA02.A	3.90.1200.10
4r78A02.A	3.90.1200.10
1a71A01.A	3.90.180.10
1e3jA02.A	3.90.180.10
1f8fA01.A	3.90.180.10
1iz0A01.A	3.90.180.10
1jqbA01.A	3.90.180.10
1jvbA01.A	3.90.180.10
1kolA01.A	3.90.180.10
1piwA01.A	3.90.180.10
1qorA01.A	3.90.180.10
1vj0B01.B	3.90.180.10
1wlyA01.A	3.90.180.10
1yb5A01.A	3.90.180.10
2b5vA01.A	3.90.180.10
2cf5A01.A	3.90.180.10
2d8aA01.A	3.90.180.10
2eihA01.A	3.90.180.10
2h6eA01.A	3.90.180.10
2j8zA01.A	3.90.180.10
2vcyA01.A	3.90.180.10
2vn8A01.A	3.90.180.10
3fbgA01.A	3.90.180.10
3gazA01.A	3.90.180.10
3gmsA01.A	3.90.180.10
3gohA01.A	3.90.180.10
3hzzA01.A	3.90.180.10
3ip1A01.A	3.90.180.10
3jv7A01.A	3.90.180.10
3meqA01.A	3.90.180.10
3qwbA01.A	3.90.180.10
3tqhA01.A	3.90.180.10
3twoB01.B	3.90.180.10
3uogA01.A	3.90.180.10
3wleA01.A	3.90.180.10
4a27A01.A	3.90.180.10
4cpdD01.D	3.90.180.10
4dupA01.A	3.90.180.10
4dvjA01.A	3.90.180.10
4ej6A01.A	3.90.180.10
4eyeA01.A	3.90.180.10
4gi2B01.B	3.90.180.10
4idcA01.A	3.90.180.10
4ilkA01.A	3.90.180.10
4j6fA01.A	3.90.180.10
4jbgA01.A	3.90.180.10
4oh1A01.A	3.90.180.10
4uejA01.A	3.90.180.10
4w6zA01.A	3.90.180.10
5a3vB01.B	3.90.180.10
5dovB01.B	3.90.180.10
1d5rA01.A	3.90.190.10
1fpzC00.C	3.90.190.10
1j4xA00.A	3.90.190.10
1ohcA02.A	3.90.190.10
1yz4B01.B	3.90.190.10
1zzwA00.A	3.90.190.10
2esbA00.A	3.90.190.10
2g6zA00.A	3.90.190.10
2hcmA01.A	3.90.190.10
2i6jA00.A	3.90.190.10
2imgA00.A	3.90.190.10
2j16A00.A	3.90.190.10
2nt2A00.A	3.90.190.10
2p4dA00.A	3.90.190.10
2r0bA00.A	3.90.190.10
3emuA00.A	3.90.190.10
3rgoA00.A	3.90.190.10
4d3pA00.A	3.90.190.10
4ki9A00.A	3.90.190.10
5m43A00.A	3.90.190.10
1dciA01.A	3.90.226.10
1ef8A02.A	3.90.226.10
1hnuA00.A	3.90.226.10
1hzdA01.A	3.90.226.10
1jxzB01.B	3.90.226.10
1o8uC00.C	3.90.226.10
1sg4A01.A	3.90.226.10
1wdkA01.A	3.90.226.10
1wz8A01.A	3.90.226.10
2a7kB01.B	3.90.226.10
2f6qA01.A	3.90.226.10
2iexA01.A	3.90.226.10
2j5iA01.A	3.90.226.10
2ppyA01.A	3.90.226.10
2q2xA01.A	3.90.226.10
2vx2A01.A	3.90.226.10
3g64A01.A	3.90.226.10
3gkbA00.A	3.90.226.10
3hinA01.A	3.90.226.10
3hp0A00.A	3.90.226.10
3i47A01.A	3.90.226.10
3isaB00.B	3.90.226.10
3l3sA01.A	3.90.226.10
3laoA01.A	3.90.226.10
3lkeB00.B	3.90.226.10
3m6nB01.B	3.90.226.10
3njdA00.A	3.90.226.10
3oc7A01.A	3.90.226.10
3omeB00.B	3.90.226.10
3ot6A00.A	3.90.226.10
3pe8A00.A	3.90.226.10
3peaA00.A	3.90.226.10
3qmjA00.A	3.90.226.10
3qreA00.A	3.90.226.10
3qxzA01.A	3.90.226.10
3r6hA00.A	3.90.226.10
3r9qA01.A	3.90.226.10
3rrvC00.C	3.90.226.10
3sllB01.B	3.90.226.10
3tlfD01.D	3.90.226.10
4di1B01.B	3.90.226.10
4fjwD01.D	3.90.226.10
4fzwC01.C	3.90.226.10
4jcsA01.A	3.90.226.10
4jfcA01.A	3.90.226.10
4jotA01.A	3.90.226.10
4jsbA01.A	3.90.226.10
4jwvA01.A	3.90.226.10
4jyjA00.A	3.90.226.10
4k29A00.A	3.90.226.10
4k2nA01.A	3.90.226.10
4k3wA01.A	3.90.226.10
4kd6A00.A	3.90.226.10
4lk5A00.A	3.90.226.10
4mi2B01.B	3.90.226.10
4mouA01.A	3.90.226.10
4nekA01.A	3.90.226.10
4nnqA01.A	3.90.226.10
4og1A01.A	3.90.226.10
4olqC01.C	3.90.226.10
4wczA01.A	3.90.226.10
5dtpB00.B	3.90.226.10
5fusA01.A	3.90.226.10
5kjpA01.A	3.90.226.10
1chmA02.A	3.90.230.10
1qxyA00.A	3.90.230.10
1qzyA01.A	3.90.230.10
1w2mA02.A	3.90.230.10
1wn1A02.A	3.90.230.10
1xgsA01.A	3.90.230.10
2b3hA00.A	3.90.230.10
2iw2A02.A	3.90.230.10
2q8kA01.A	3.90.230.10
2zsgA02.A	3.90.230.10
3biqA02.A	3.90.230.10
3cb5A02.A	3.90.230.10
3ctzA03.A	3.90.230.10
3ig4A02.A	3.90.230.10
3l24B02.B	3.90.230.10
3tavA00.A	3.90.230.10
4b28A02.A	3.90.230.10
4r60A02.A	3.90.230.10
5ce6A02.A	3.90.230.10
5e5bA02.A	3.90.230.10
1r6dA02.A	3.90.25.10
2b69A02.A	3.90.25.10
1g23A00.A	3.90.550.10
1jykA00.A	3.90.550.10
1vpaA00.A	3.90.550.10
2e3dD00.D	3.90.550.10
2ggoA01.A	3.90.550.10
2pa4A00.A	3.90.550.10
2qkxA01.A	3.90.550.10
2xmeF00.F	3.90.550.10
2y6pB00.B	3.90.550.10
3brkX01.X	3.90.550.10
4jd0A00.A	3.90.550.10
4y7uA00.A	3.90.550.10
5ddtA00.A	3.90.550.10
1cvzA00.A	3.90.70.10
1deuB00.B	3.90.70.10
1jqpA02.A	3.90.70.10
1xkgA00.A	3.90.70.10
2o6xA00.A	3.90.70.10
2wbfX00.X	3.90.70.10
3iutA00.A	3.90.70.10
3oisB00.B	3.90.70.10
3pnrA00.A	3.90.70.10
5fpwA00.A	3.90.70.10
1hztA00.A	3.90.79.10
1ktgA00.A	3.90.79.10
1vc9A01.A	3.90.79.10
1vk6A02.A	3.90.79.10
2azwA00.A	3.90.79.10
2b0vA00.A	3.90.79.10
2dukA00.A	3.90.79.10
2fkbA00.A	3.90.79.10
2fmlA02.A	3.90.79.10
2qjoB02.B	3.90.79.10
2rrkA00.A	3.90.79.10
2yyhA00.A	3.90.79.10
3a6sA00.A	3.90.79.10
3cngA02.A	3.90.79.10
3grnA00.A	3.90.79.10
3gwyB00.B	3.90.79.10
3gz8C01.C	3.90.79.10
3hhjB00.B	3.90.79.10
3j7ye00.e	3.90.79.10
3n77A00.A	3.90.79.10
3o8sA00.A	3.90.79.10
4dywA00.A	3.90.79.10
4hfqA02.A	3.90.79.10
4kyxA00.A	3.90.79.10
4mpoB00.B	3.90.79.10
4nfwF00.F	3.90.79.10
5anvA00.A	3.90.79.10
5cfjA00.A	3.90.79.10
