000001278.A	10.12.1.295
000001281.A	10.12.1.295
000001292.A	10.12.1.295
000031673.A	10.12.1.295
000031678.D	10.12.1.295
000139809.A	10.12.1.295
000224404.A	10.12.1.295
000224531.A	10.12.1.295
000315942.B	10.12.1.295
000361534.B	10.12.1.295
000372241.C	10.12.1.295
000461551.B	10.12.1.295
000990461.D	10.12.1.295
001123977.B	10.12.1.295
001175672.A	10.12.1.295
001180069.A	10.12.1.295
001719255.A	10.12.1.295
000002521.A	101.1.1.354
000002524.A	101.1.1.354
000002529.A	101.1.1.354
000002532.A	101.1.1.354
000002536.A	101.1.1.354
000002541.A	101.1.1.354
000002543.A	101.1.1.354
000002544.A	101.1.1.354
000002546.A	101.1.1.354
000136492.A	101.1.1.354
000137661.A	101.1.1.354
000139800.A	101.1.1.354
000140289.A	101.1.1.354
000140751.A	101.1.1.354
000143568.A	101.1.1.354
000154572.B	101.1.1.354
000162645.A	101.1.1.354
000165419.A	101.1.1.354
000166314.A	101.1.1.354
000167767.A	101.1.1.354
000169148.A	101.1.1.354
000169449.A	101.1.1.354
000185079.A	101.1.1.354
000191660.A	101.1.1.354
000195601.A	101.1.1.354
000222869.C	101.1.1.354
000333188.D	101.1.1.354
000335793.B	101.1.1.354
000337838.A	101.1.1.354
000340105.A	101.1.1.354
000358606.A	101.1.1.354
000375349.A	101.1.1.354
000383546.B	101.1.1.354
000386667.B	101.1.1.354
000405878.C	101.1.1.354
000423423.B	101.1.1.354
001123531.A	101.1.1.354
001145640.A	101.1.1.354
001159838.A	101.1.1.354
001159998.A	101.1.1.354
001160022.B	101.1.1.354
001171126.A	101.1.1.354
001171130.A	101.1.1.354
001171150.A	101.1.1.354
001247927.A	101.1.1.354
001688911.D	101.1.1.354
001692421.A	101.1.1.354
001723969.A	101.1.1.354
000002579.A	101.1.2.811
000002581.A	101.1.2.811
000002593.A	101.1.2.811
000134738.A	101.1.2.811
000143150.A	101.1.2.811
000143631.A	101.1.2.811
000153169.A	101.1.2.811
000162593.A	101.1.2.811
000166251.A	101.1.2.811
000166472.A	101.1.2.811
000166543.A	101.1.2.811
000167954.A	101.1.2.811
000170211.A	101.1.2.811
000223029.C	101.1.2.811
000224680.B	101.1.2.811
000374782.B	101.1.2.811
000392755.A	101.1.2.811
000002997.A	102.1.1.28
000003004.A	102.1.1.28
000048000.A	102.1.1.28
000142121.A	102.1.1.28
000163716.A	102.1.1.28
000167445.C	102.1.1.28
000993558.A	102.1.1.28
001148122.B	102.1.1.28
001245806.C	102.1.1.28
001314051.A	102.1.1.28
000004519.A	109.3.1.8
000004520.D	109.3.1.8
000004526.A	109.3.1.8
000004528.A	109.3.1.8
000059607.A	109.3.1.8
000059629.D	109.3.1.8
000059635.A	109.3.1.8
000135880.A	109.3.1.8
000139598.A	109.3.1.8
000140081.C	109.3.1.8
000140728.A	109.3.1.8
000160169.K	109.3.1.8
000163669.A	109.3.1.8
000166903.A	109.3.1.8
000167044.A	109.3.1.8
000167928.A	109.3.1.8
000220760.B	109.3.1.8
000282396.A	109.3.1.8
000335819.B	109.3.1.8
000989070.E	109.3.1.8
001095946.B	109.3.1.8
001156166.A	109.3.1.8
001695444.A	109.3.1.8
001720120.A	109.3.1.8
001721627.A	109.3.1.8
000001711.A	11.1.1.1514
000001714.A	11.1.1.1514
000001715.A	11.1.1.1514
000001718.A	11.1.1.1514
000001721.A	11.1.1.1514
000001725.Y	11.1.1.1514
000001726.P	11.1.1.1514
000001727.A	11.1.1.1514
000001730.A	11.1.1.1514
000001731.A	11.1.1.1514
000001733.A	11.1.1.1514
000001736.A	11.1.1.1514
000039031.A	11.1.1.1514
000135555.A	11.1.1.1514
000135746.A	11.1.1.1514
000137116.A	11.1.1.1514
000137470.A	11.1.1.1514
000138085.T	11.1.1.1514
000138091.O	11.1.1.1514
000138174.A	11.1.1.1514
000141190.A	11.1.1.1514
000141193.A	11.1.1.1514
000143376.A	11.1.1.1514
000143377.A	11.1.1.1514
000144037.A	11.1.1.1514
000145845.A	11.1.1.1514
000148026.A	11.1.1.1514
000157717.A	11.1.1.1514
000161440.A	11.1.1.1514
000162703.A	11.1.1.1514
000163393.A	11.1.1.1514
000164156.A	11.1.1.1514
000164157.A	11.1.1.1514
000164923.A	11.1.1.1514
000165213.A	11.1.1.1514
000165774.A	11.1.1.1514
000166763.A	11.1.1.1514
000166764.A	11.1.1.1514
000166766.A	11.1.1.1514
000166767.A	11.1.1.1514
000166768.A	11.1.1.1514
000168491.A	11.1.1.1514
000222184.A	11.1.1.1514
000310568.A	11.1.1.1514
000314781.A	11.1.1.1514
000328587.A	11.1.1.1514
000331634.A	11.1.1.1514
000379866.A	11.1.1.1514
000384432.O	11.1.1.1514
000394238.A	11.1.1.1514
000415674.A	11.1.1.1514
000418977.B	11.1.1.1514
001163671.A	11.1.1.1514
001218897.B	11.1.1.1514
001218898.B	11.1.1.1514
001220098.B	11.1.1.1514
001221815.A	11.1.1.1514
001221819.A	11.1.1.1514
001221841.D	11.1.1.1514
001255096.C	11.1.1.1514
001545211.A	11.1.1.1514
001557708.A	11.1.1.1514
001718805.A	11.1.1.1514
000154432.A	132.1.1.2
000157979.A	132.1.1.2
000328704.A	132.1.1.2
001120360.A	132.1.1.2
001294021.A	132.1.1.2
001721649.A	132.1.1.2
000008792.A	2002.1.1.18
000008793.A	2002.1.1.18
000008794.A	2002.1.1.18
000008795.A	2002.1.1.18
000008796.A	2002.1.1.18
000008797.A	2002.1.1.18
000008799.A	2002.1.1.18
000136448.A	2002.1.1.18
000137551.A	2002.1.1.18
000137555.A	2002.1.1.18
000138234.A	2002.1.1.18
000140513.A	2002.1.1.18
000141528.A	2002.1.1.18
000141624.A	2002.1.1.18
000142770.A	2002.1.1.18
000144846.A	2002.1.1.18
000144982.A	2002.1.1.18
000145255.A	2002.1.1.18
000161542.A	2002.1.1.18
000165405.A	2002.1.1.18
000166559.A	2002.1.1.18
000168846.A	2002.1.1.18
000169522.A	2002.1.1.18
001000461.B	2002.1.1.18
001005149.A	2002.1.1.18
001106636.A	2002.1.1.18
001144707.A	2002.1.1.18
001241117.B	2002.1.1.18
001312345.A	2002.1.1.18
000009064.A	2003.1.1.417
000009068.A	2003.1.1.417
000009072.A	2003.1.1.417
000009078.A	2003.1.1.417
000009081.A	2003.1.1.417
000009086.A	2003.1.1.417
000009090.A	2003.1.1.417
000009091.A	2003.1.1.417
000009092.A	2003.1.1.417
000009094.A	2003.1.1.417
000009095.A	2003.1.1.417
000009097.A	2003.1.1.417
000009103.A	2003.1.1.417
000009105.A	2003.1.1.417
000097174.B	2003.1.1.417
000097214.D	2003.1.1.417
000097365.B	2003.1.1.417
000097381.D	2003.1.1.417
000134055.A	2003.1.1.417
000134087.A	2003.1.1.417
000135817.A	2003.1.1.417
000135876.A	2003.1.1.417
000138334.A	2003.1.1.417
000138448.A	2003.1.1.417
000138862.A	2003.1.1.417
000139314.A	2003.1.1.417
000140113.A	2003.1.1.417
000140184.A	2003.1.1.417
000140645.A	2003.1.1.417
000141905.A	2003.1.1.417
000142111.A	2003.1.1.417
000142297.A	2003.1.1.417
000143927.A	2003.1.1.417
000144854.B	2003.1.1.417
000145257.A	2003.1.1.417
000145912.A	2003.1.1.417
000147273.A	2003.1.1.417
000147687.A	2003.1.1.417
000148690.A	2003.1.1.417
000149131.A	2003.1.1.417
000151124.A	2003.1.1.417
000152315.A	2003.1.1.417
000161117.A	2003.1.1.417
000216083.A	2003.1.1.417
000223245.A	2003.1.1.417
000223412.C	2003.1.1.417
000299122.A	2003.1.1.417
000299180.B	2003.1.1.417
000342706.C	2003.1.1.417
000355570.A	2003.1.1.417
000359069.B	2003.1.1.417
000393658.B	2003.1.1.417
000412083.B	2003.1.1.417
000417720.B	2003.1.1.417
000421016.A	2003.1.1.417
000427285.B	2003.1.1.417
000976448.C	2003.1.1.417
001094995.A	2003.1.1.417
001117615.A	2003.1.1.417
001147420.C	2003.1.1.417
001155156.D	2003.1.1.417
001201234.C	2003.1.1.417
001201380.A	2003.1.1.417
001201432.A	2003.1.1.417
001201825.B	2003.1.1.417
001300195.A	2003.1.1.417
001311815.A	2003.1.1.417
001389116.A	2003.1.1.417
001398200.D	2003.1.1.417
001401266.A	2003.1.1.417
001412398.A	2003.1.1.417
001482097.A	2003.1.1.417
001489746.A	2003.1.1.417
001491956.A	2003.1.1.417
001501414.A	2003.1.1.417
001699958.C	2003.1.1.417
000009248.A	2003.1.2.20
000009250.A	2003.1.2.20
000009259.A	2003.1.2.20
000009266.A	2003.1.2.20
000009268.A	2003.1.2.20
000009277.A	2003.1.2.20
000009283.A	2003.1.2.20
000099026.A	2003.1.2.20
000099047.A	2003.1.2.20
000099071.A	2003.1.2.20
000133981.A	2003.1.2.20
000136251.P	2003.1.2.20
000142887.A	2003.1.2.20
000155197.A	2003.1.2.20
000161181.A	2003.1.2.20
000284883.A	2003.1.2.20
000331485.A	2003.1.2.20
000407174.A	2003.1.2.20
000996810.A	2003.1.2.20
001066029.A	2003.1.2.20
001145861.D	2003.1.2.20
001171261.B	2003.1.2.20
001176735.D	2003.1.2.20
001176786.B	2003.1.2.20
001270352.A	2003.1.2.20
001270538.A	2003.1.2.20
001610039.A	2003.1.2.20
000009229.A	2003.1.2.56
000009230.A	2003.1.2.56
000009231.A	2003.1.2.56
000259870.A	2003.1.2.56
000418524.A	2003.1.2.56
001141033.A	2003.1.2.56
001515949.A	2003.1.2.56
001572580.X	2003.1.2.56
000009677.A	2004.1.1.1404
000009678.A	2004.1.1.1404
000009679.A	2004.1.1.1404
000009692.A	2004.1.1.1404
000009693.A	2004.1.1.1404
000102525.A	2004.1.1.1404
000154492.C	2004.1.1.1404
000158511.A	2004.1.1.1404
000165180.C	2004.1.1.1404
000222378.B	2004.1.1.1404
000312608.D	2004.1.1.1404
000327272.B	2004.1.1.1404
000990301.D	2004.1.1.1404
001109321.B	2004.1.1.1404
001285182.B	2004.1.1.1404
001513012.A	2004.1.1.1404
001513066.A	2004.1.1.1404
001712280.C	2004.1.1.1404
000009854.A	2005.1.1.145
000009858.A	2005.1.1.145
000134084.A	2005.1.1.145
000138354.A	2005.1.1.145
000141683.A	2005.1.1.145
000142846.A	2005.1.1.145
000143501.A	2005.1.1.145
000144575.A	2005.1.1.145
000163280.A	2005.1.1.145
000169802.A	2005.1.1.145
000384421.A	2005.1.1.145
000407730.A	2005.1.1.145
001380917.E	2005.1.1.145
001406486.A	2005.1.1.145
001495300.A	2005.1.1.145
000007062.A	206.1.1.24
000007065.A	206.1.1.24
000007067.E	206.1.1.24
000007077.A	206.1.1.24
000007078.A	206.1.1.24
000007079.A	206.1.1.24
000007080.A	206.1.1.24
000007081.A	206.1.1.24
000007082.A	206.1.1.24
000007083.A	206.1.1.24
000007086.A	206.1.1.24
000007095.A	206.1.1.24
000007096.A	206.1.1.24
000007097.A	206.1.1.24
000080248.B	206.1.1.24
000134257.A	206.1.1.24
000134769.A	206.1.1.24
000135054.A	206.1.1.24
000135314.A	206.1.1.24
000136728.A	206.1.1.24
000137351.A	206.1.1.24
000137605.A	206.1.1.24
000137919.A	206.1.1.24
000140095.A	206.1.1.24
000142100.B	206.1.1.24
000150064.A	206.1.1.24
000150253.A	206.1.1.24
000150963.A	206.1.1.24
000150975.A	206.1.1.24
000150984.A	206.1.1.24
000157704.A	206.1.1.24
000158265.B	206.1.1.24
000158634.A	206.1.1.24
000160499.A	206.1.1.24
000161574.A	206.1.1.24
000162798.A	206.1.1.24
000166041.A	206.1.1.24
000166770.X	206.1.1.24
000168780.A	206.1.1.24
000168963.A	206.1.1.24
000169949.A	206.1.1.24
000170061.A	206.1.1.24
000174345.C	206.1.1.24
000178619.A	206.1.1.24
000182118.A	206.1.1.24
000223495.B	206.1.1.24
000354912.T	206.1.1.24
000379666.B	206.1.1.24
000869298.A	206.1.1.24
001088849.A	206.1.1.24
001095462.B	206.1.1.24
001098464.A	206.1.1.24
001107798.A	206.1.1.24
001107800.A	206.1.1.24
001166023.B	206.1.1.24
001166079.A	206.1.1.24
001228886.A	206.1.1.24
001229559.A	206.1.1.24
001389058.A	206.1.1.24
001489404.A	206.1.1.24
001515955.B	206.1.1.24
001516093.A	206.1.1.24
001516163.B	206.1.1.24
001552056.A	206.1.1.24
001581998.C	206.1.1.24
001687678.B	206.1.1.24
001712442.A	206.1.1.24
001715832.A	206.1.1.24
000007192.A	207.1.1.223
000007193.A	207.1.1.223
000081002.B	207.1.1.223
000134555.A	207.1.1.223
000143407.G	207.1.1.223
000162992.A	207.1.1.223
000165344.A	207.1.1.223
000222214.A	207.1.1.223
000328344.B	207.1.1.223
000328456.A	207.1.1.223
000394484.A	207.1.1.223
000406370.A	207.1.1.223
000430676.A	207.1.1.223
000430677.B	207.1.1.223
001064416.B	207.1.1.223
001144865.A	207.1.1.223
001146609.A	207.1.1.223
001173523.A	207.1.1.223
001254967.A	207.1.1.223
001255106.A	207.1.1.223
001255160.A	207.1.1.223
001255178.A	207.1.1.223
001255183.A	207.1.1.223
001397877.A	207.1.1.223
001411651.B	207.1.1.223
001411654.A	207.1.1.223
001508801.A	207.1.1.223
001692184.A	207.1.1.223
000005692.A	211.1.1.6
000005730.A	211.1.1.6
000135546.A	211.1.1.6
000168811.A	211.1.1.6
000428217.B	211.1.1.6
001160786.A	211.1.1.6
001160809.A	211.1.1.6
001214662.B	211.1.1.6
001320594.A	211.1.1.6
001551543.A	211.1.1.6
001518720.A	2111.17.1.212
001518723.A	2111.17.1.212
001518736.A	2111.17.1.212
001519538.A	2111.17.1.212
001520587.A	2111.17.1.212
001520883.A	2111.17.1.212
001522892.A	2111.17.1.212
001523054.A	2111.17.1.212
001523115.A	2111.17.1.212
001523397.A	2111.17.1.212
001523639.A	2111.17.1.212
001523922.A	2111.17.1.212
001523947.A	2111.17.1.212
001524078.A	2111.17.1.212
001524124.A	2111.17.1.212
001524148.A	2111.17.1.212
001524476.B	2111.17.1.212
001529716.A	2111.17.1.212
001547200.A	2111.17.1.212
001568163.A	2111.17.1.212
001654041.A	2111.17.1.212
001518729.A	2111.17.1.301
001518739.A	2111.17.1.301
001518781.A	2111.17.1.301
001518785.A	2111.17.1.301
001519843.A	2111.17.1.301
001519999.B	2111.17.1.301
001520351.A	2111.17.1.301
001520630.A	2111.17.1.301
001520722.A	2111.17.1.301
001520756.A	2111.17.1.301
001520964.A	2111.17.1.301
001520965.A	2111.17.1.301
001520984.A	2111.17.1.301
001521091.B	2111.17.1.301
001521251.A	2111.17.1.301
001521337.A	2111.17.1.301
001521365.A	2111.17.1.301
001521600.A	2111.17.1.301
001522207.A	2111.17.1.301
001522244.A	2111.17.1.301
001522942.B	2111.17.1.301
001523027.A	2111.17.1.301
001523312.A	2111.17.1.301
001523632.A	2111.17.1.301
001526261.A	2111.17.1.301
001548714.A	2111.17.1.301
001562408.B	2111.17.1.301
001719420.A	2111.17.1.301
000010471.A	2111.21.1.1
000010472.A	2111.21.1.1
000010473.A	2111.21.1.1
000010479.A	2111.21.1.1
000135068.A	2111.21.1.1
000143047.A	2111.21.1.1
000160555.A	2111.21.1.1
000165128.A	2111.21.1.1
000168365.A	2111.21.1.1
000223632.A	2111.21.1.1
001297387.A	2111.21.1.1
000010806.A	2111.78.1.7
000010809.A	2111.78.1.7
000010811.A	2111.78.1.7
000010814.A	2111.78.1.7
000010815.A	2111.78.1.7
000010816.A	2111.78.1.7
000010819.A	2111.78.1.7
000010821.A	2111.78.1.7
000010854.A	2111.78.1.7
000137861.A	2111.78.1.7
000137875.A	2111.78.1.7
000138048.A	2111.78.1.7
000140101.A	2111.78.1.7
000141303.A	2111.78.1.7
000142615.A	2111.78.1.7
000142976.A	2111.78.1.7
000143137.A	2111.78.1.7
000143368.A	2111.78.1.7
000143778.A	2111.78.1.7
000151118.A	2111.78.1.7
000154931.A	2111.78.1.7
000160798.A	2111.78.1.7
000165410.A	2111.78.1.7
000166355.A	2111.78.1.7
000166395.A	2111.78.1.7
000166679.A	2111.78.1.7
000166788.A	2111.78.1.7
000166852.A	2111.78.1.7
000169081.A	2111.78.1.7
000169901.A	2111.78.1.7
000170064.A	2111.78.1.7
000337071.A	2111.78.1.7
001016841.A	2111.78.1.7
001144435.A	2111.78.1.7
001145691.A	2111.78.1.7
001147725.B	2111.78.1.7
001165197.A	2111.78.1.7
001285288.A	2111.78.1.7
001294337.A	2111.78.1.7
001411921.A	2111.78.1.7
001413049.A	2111.78.1.7
001487364.A	2111.78.1.7
001503876.A	2111.78.1.7
001558894.A	2111.78.1.7
001559171.A	2111.78.1.7
001697917.A	2111.78.1.7
000010923.A	2111.84.1.8
000113567.B	2111.84.1.8
000134438.A	2111.84.1.8
000140897.A	2111.84.1.8
000145668.A	2111.84.1.8
000153411.A	2111.84.1.8
000331919.A	2111.84.1.8
000370927.C	2111.84.1.8
001155927.A	2111.84.1.8
001157851.B	2111.84.1.8
001157863.B	2111.84.1.8
001157899.A	2111.84.1.8
001157911.B	2111.84.1.8
001157915.A	2111.84.1.8
001203389.A	2111.84.1.8
001203504.B	2111.84.1.8
001203647.A	2111.84.1.8
001203672.A	2111.84.1.8
001203938.A	2111.84.1.8
001389229.A	2111.84.1.8
001588516.A	2111.84.1.8
001609339.B	2111.84.1.8
001613417.B	2111.84.1.8
001681150.B	2111.84.1.8
001694997.A	2111.84.1.8
001695536.A	2111.84.1.8
001712133.A	2111.84.1.8
001721656.A	2111.84.1.8
000006050.A	222.1.1.95
000006051.A	222.1.1.95
000006055.A	222.1.1.95
000006056.A	222.1.1.95
000006059.A	222.1.1.95
000006060.A	222.1.1.95
000006061.A	222.1.1.95
000006062.A	222.1.1.95
000006064.A	222.1.1.95
000006066.A	222.1.1.95
000006067.A	222.1.1.95
000006099.A	222.1.1.95
000071683.A	222.1.1.95
000134347.A	222.1.1.95
000135159.A	222.1.1.95
000149002.A	222.1.1.95
000152643.A	222.1.1.95
000165383.A	222.1.1.95
000167434.A	222.1.1.95
000167636.A	222.1.1.95
000224844.A	222.1.1.95
001172081.A	222.1.1.95
001562969.D	222.1.1.95
001715066.A	222.1.1.95
000006844.A	223.1.1.180
000006847.A	223.1.1.180
000133942.A	223.1.1.180
000140193.A	223.1.1.180
000144753.A	223.1.1.180
000169090.A	223.1.1.180
000169397.A	223.1.1.180
000391887.A	223.1.1.180
000399867.B	223.1.1.180
001007431.A	223.1.1.180
001286476.A	223.1.1.180
001319989.A	223.1.1.180
000011302.A	2485.1.1.76
000011305.A	2485.1.1.76
000011309.A	2485.1.1.76
000138418.A	2485.1.1.76
000138421.A	2485.1.1.76
000144606.A	2485.1.1.76
000151087.A	2485.1.1.76
000151088.A	2485.1.1.76
000154205.A	2485.1.1.76
000926238.A	2485.1.1.76
001030416.A	2485.1.1.76
001032583.A	2485.1.1.76
001140921.A	2485.1.1.76
001144515.B	2485.1.1.76
001153583.C	2485.1.1.76
001153938.B	2485.1.1.76
001490014.A	2485.1.1.76
001718986.A	2485.1.1.76
000224272.A	3016.1.1.49
000224320.A	3016.1.1.49
000258690.A	3016.1.1.49
001121976.B	3016.1.1.49
001151811.A	3016.1.1.49
001152469.B	3016.1.1.49
001152687.A	3016.1.1.49
001152793.A	3016.1.1.49
001192775.A	3016.1.1.49
001192794.B	3016.1.1.49
001192800.B	3016.1.1.49
001192806.A	3016.1.1.49
001192827.A	3016.1.1.49
001192829.B	3016.1.1.49
001192834.A	3016.1.1.49
001192836.A	3016.1.1.49
001192849.A	3016.1.1.49
001192962.A	3016.1.1.49
001192974.A	3016.1.1.49
001192986.A	3016.1.1.49
001192990.A	3016.1.1.49
001193015.A	3016.1.1.49
001394216.B	3016.1.1.49
001447869.C	3016.1.1.49
001505921.B	3016.1.1.49
001508745.A	3016.1.1.49
000005802.A	330.1.1.28
000005804.A	330.1.1.28
000005806.A	330.1.1.28
000005807.A	330.1.1.28
000005809.A	330.1.1.28
000005813.A	330.1.1.28
000391730.A	330.1.1.28
001414948.h	330.1.1.28
001549006.B	330.1.1.28
001695427.H	330.1.1.28
001723952.C	330.1.1.28
001286360.C	367.1.1.1
001286362.C	367.1.1.1
001286364.C	367.1.1.1
001286366.C	367.1.1.1
001286368.C	367.1.1.1
001286370.C	367.1.1.1
001490085.C	367.1.1.1
001498170.A	367.1.1.1
001681382.A	367.1.1.1
001681386.A	367.1.1.1
001681390.A	367.1.1.1
001681394.A	367.1.1.1
000180930.A	376.1.1.27
001144998.C	376.1.1.27
000167554.A	386.1.1.55
000246446.C	386.1.1.55
000246450.F	386.1.1.55
000246452.G	386.1.1.55
000985440.C	386.1.1.55
001295905.B	386.1.1.55
001651344.A	386.1.1.55
000008491.C	389.1.2.3
000008504.A	389.1.2.3
000008508.A	389.1.2.3
000135133.C	389.1.2.3
000135162.A	389.1.2.3
000166912.A	389.1.2.3
001323488.A	389.1.2.3
001323489.A	389.1.2.3
000008536.B	389.3.1.1
000091789.A	389.3.1.1
000138657.B	389.3.1.1
000154722.A	389.3.1.1
000223900.A	389.3.1.1
001310584.B	389.3.1.1
000003804.A	604.1.1.1
000003805.A	604.1.1.1
000003806.A	604.1.1.1
000003808.A	604.1.1.1
000003809.A	604.1.1.1
000003810.A	604.1.1.1
000003811.A	604.1.1.1
000003812.A	604.1.1.1
000142248.A	604.1.1.1
000143217.A	604.1.1.1
000152572.A	604.1.1.1
000169570.A	604.1.1.1
000174885.A	604.1.1.1
000263620.A	604.1.1.1
001176311.B	604.1.1.1
001268344.A	604.1.1.1
001414906.A	604.1.1.1
001422116.A	604.1.1.1
000379961.A	64.1.1.1
001039611.A	64.1.1.1
001400411.A	64.1.1.1
001495279.A	64.1.1.1
001545212.A	64.1.1.1
001545215.A	64.1.1.1
000000743.A	7.1.1.3
000000745.A	7.1.1.3
000000747.A	7.1.1.3
000000748.A	7.1.1.3
000000749.A	7.1.1.3
000143165.A	7.1.1.3
000152617.A	7.1.1.3
000166194.A	7.1.1.3
000422086.B	7.1.1.3
001123877.A	7.1.1.3
001255849.B	7.1.1.3
001508110.B	7.1.1.3
